the_geom,name,entidad,cem,demarcacion_territorial,dtto,cve_unidad,secciones_electorales_completas,secciones_electorales_parciales,
0106000020E6100000010000000103000000010000002000000057DAE8E613CC58C0F6950A066F643340B32D951E0ECC58C03EE5DD4BB6643340702B251F0ECC58C05D88A2EFBD6433402AB2A5090ECC58C0729CF639CA6433400332977A0ECC58C038A3C4D8D6643340297C12450FCC58C02BE61978E2643340B3B85F2A12CC58C0E5E9C5B1FD643340EAA5138714CC58C028963B5B14653340321C56D619CC58C0248CB20248653340DD35BDB218CC58C088D1064D48653340AC336D1E18CC58C0E27F227348653340D59546B217CC58C05869EC8E4865334093C014D916CC58C0DFECBAC648653340E6EC7F6512CC58C0749DA5EA49653340BDDAEBA610CC58C0BE8C0A5D4A6533401D54025105CC58C0BE795C444D65334051A16D8702CC58C0354C65F04C65334042C2C3D700CC58C07AF999BD4C653340FBF82FACEFCB58C06D0A2997486533406379A61DE7CB58C0580D8ABB5165334008F98432DCCB58C0ED8FD3655D653340C3FDF210DECB58C0A6EF6382136533402444285BE0CB58C0BB2F7A7AC36433402152DCE8E2CB58C05483DD2974643340A04D0EA6F5CB58C06EC8B36072643340F499C93C07CC58C046C6DCF16F643340608A4D1A0CCC58C0C3CB8E456F643340E1C6BAFC0FCC58C0EDA34E506F64334035ECB8B211CC58C07330B2446F64334064C8202D12CC58C0506127376F64334011E370E512CC58C09091BF226F64334057DAE8E613CC58C0F6950A066F643340,OCHO DE AGOSTO,9,14,BENITO JUAREZ,17,14-034,"4413, 4429",,
0106000020E610000001000000010300000001000000260000005D2EC86828CB58C0D6A6E8C68B5D3340D27306F10BCB58C0021E7013725D33403E830FEA0ECB58C0455B54E0435D334004F361440FCB58C01123A5643E5D3340503D57A1F7CA58C04853D9C81C5D3340C6D11CC6EBCA58C0C6AF447A0B5D3340D1F77E92DFCA58C0FD08EF75F95C3340C09A928EE6CA58C0FF1986DCD85C33405831274AEDCA58C0A37137C9A15C3340AD85837BF0CA58C0DBF93DB8845C33405281DB1BF3CA58C0289A6BCF6C5C3340E874C04BF7CA58C0AC71A6D24A5C3340CCA625BAFDCA58C03B9F599D1A5C334051428609FECA58C01840AC43175C33406529177DFECA58C0885CF962125C33407D89ACD1FECA58C08EF80AD10E5C3340456A223B09CB58C02026B4D8275C33401E2E56B911CB58C0ED0FB41F3D5C3340825ACABE17CB58C0C164BC2D535C33407D84B4371ACB58C0FBFD28805C5C3340722BE7F21CCB58C0B5441976695C33405824B46D1ECB58C0EED1A27B705C3340B37AE40829CB58C04914343FAF5C3340EF2FF1762BCB58C0972BF5A8BA5C3340010327592FCB58C05E6712E6C75C334055157AFC4CCB58C03F5B817D395D3340FAEE93C855CB58C052F0C1345B5D33407EE47E5D5DCB58C083055B43785D3340BD36CA1A61CB58C0C971A883885D3340928465E259CB58C0923D1946A85D3340F71AE79558CB58C0C2865BEDB75D3340D5F6BC1954CB58C08F0CE114035E3340ABC88E9D4FCB58C05950643C4E5E33403BB5569A43CB58C01E97FC13435E3340B701F56A37CB58C06CDB83C2375E3340BA63B35B2BCB58C0B887D68E2C5E3340A219D8591FCB58C09C839767215E33405D2EC86828CB58C0D6A6E8C68B5D3340,ACACIAS,9,14,BENITO JUAREZ,26,14-001,"4465, 4477, 4475",,
0106000020E6100000010000000103000000010000001C00000031E3798D7ECB58C0BB0CD692225F33405D6120D972CB58C0A3001B23AA5F334045B6912E68CB58C056B294CFA05F3340C463A7615ECB58C0DE08DE3D985F33407B4337B35ACB58C0D826D205955F334059D5142855CB58C06B45EE2C905F3340CA8BBAAF4ECB58C0C712A6848A5F3340A5CE305149CB58C0C8FFBFD2855F334072E885BA47CB58C08F2F286F845F334036CF38D73CCB58C0D427E5E97A5F33403CDA00DB45CB58C0EB814E8BEA5E3340ABC88E9D4FCB58C05950643C4E5E3340D5F6BC1954CB58C08F0CE114035E3340F71AE79558CB58C0C2865BEDB75D3340928465E259CB58C0923D1946A85D3340BD36CA1A61CB58C0C971A883885D33405DF5A9F170CB58C0EC6C8759CD5D33409CB4362C7BCB58C05E830B16F85D33405877480A82CB58C07BF7172B0B5E3340C101AC6C88CB58C0636D466F185E3340E946FCC091CB58C07E59C9542B5E33400FBDFD4894CB58C00DE0A973305E3340C8DF1D1692CB58C09AC6E585505E3340FE9685438ECB58C01D33B9237E5E33400F4DB0C088CB58C0AF5E0D3EC55E3340B034A1E985CB58C0D587417BC15E3340F827C96485CB58C0056E8A38C85E334031E3798D7ECB58C0BB0CD692225F3340,ACTIPAN,9,14,BENITO JUAREZ,17,14-002,"4467, 4468","4459, 4466",
0106000020E610000001000000010300000001000000300000005895F88447C958C0D72AF4AA646733408578841743C958C0869F919C636733402EE53F9A39C958C091072E9061673340B2C346332DC958C02125CEE75E6733400188FDA222C958C0A868779F5C673340436E63D921C958C0D20F9D735C6733406CDFD39304C958C036BFCBA35667334056A75A51F8C858C05A7078DC5367334090B0540DF7C858C0EC520793536733404F8ADBC9E6C858C0B2D458E24F6733408BCEA4DAD9C858C0B751301D4D673340D3FC2341D8C858C041627BC54C673340DFB2C837CAC858C07873930749673340198FC641BEC858C0DCE58E1C47673340BD099A6EBCC858C07684A3D14667334041A89834BDC858C0D236473B32673340B9E6DCBFBDC858C0D673C7DA236733406E412086C1C858C068065F1AC0663340F3DBAAB4C3C858C0DEF1FA24846633405F8A61F8C4C858C063CFDC646166334044B3360CC7C858C00F32354D286633400E31EA54C8C858C0F7AEA2BC0B66334079727DBDC8C858C0E7E027A602663340E235147BCCC858C0B611F930A5653340D8457CACD0C858C0484A9D6D3C6533400B3EE281E0C858C06F6BF44F4665334029D81C74ECC858C08FB2FFC44D6533401235E776E8C858C0FAF1A18AB5653340E260815CF7C858C03ECE7C30BE6533400CE5231F06C958C0672463B9C6653340F5C19B1D14C958C07556DDB9CD653340D55E578B21C958C030F51221D6653340D09A0D6D30C958C0B6A06D0BE065334076AEF85A3CC958C040A1E493E6653340360E517946C958C0DA6A4697ED6533409D1AF3B652C958C0AC942913F66533405151FEFE4FC958C0E39AC03C51663340B362D4E84CC958C0EFDBA3FBAF66334047C923834AC958C08B1F2991F96633404FA7855F4AC958C0A2D074D6FD6633401014A7294AC958C0C7BCF84B0467334098AD854749C958C0CABC0E982167334083C866D548C958C0008F64643067334080A7626D48C958C0EBBBF63940673340A719981B48C958C08C13808D4B673340DA5016CD47C958C051AB780A596733408F55ABA147C958C0662B560B606733405895F88447C958C0D72AF4AA64673340,ALAMOS I,9,14,BENITO JUAREZ,17,14-051,"4269, 4283, 4284, 4285, 4286","4270, 4282",
0106000020E610000001000000010300000001000000250000009D1AF3B652C958C0AC942913F6653340360E517946C958C0DA6A4697ED65334076AEF85A3CC958C040A1E493E6653340D09A0D6D30C958C0B6A06D0BE0653340D55E578B21C958C030F51221D6653340F5C19B1D14C958C07556DDB9CD6533400CE5231F06C958C0672463B9C6653340E260815CF7C858C03ECE7C30BE6533401235E776E8C858C0FAF1A18AB565334029D81C74ECC858C08FB2FFC44D6533400B3EE281E0C858C06F6BF44F46653340D8457CACD0C858C0484A9D6D3C6533401A022EA0D1C858C0541A42CA23653340364DFC5AD4C858C0AB4E6E23DD643340E7902837D8C858C0FC23A06172643340CE185163D8C858C0F58F549C6D643340004ACB91D9C858C0C7D1A0EE4C6433409D31FED4EEC858C044DDC66B58643340FBA7010B00C958C0C43861B861643340188EF8F00CC958C0C91263B068643340E37568DF13C958C0112A116F6C643340A27C32BB1BC958C0BDCE1B76716433408AB5AC9F22C958C08669223575643340D924025829C958C073CD32AA78643340D5CBADEA2FC958C0DD05300A7C64334017BB4C2637C958C0E02FF02F80643340C4ADE55C3EC958C01E6ADE29846433402E8108A444C958C0DB8AE86B856433408E47ADB24AC958C0D442532B84643340B63A24E853C958C0605F99DB816433403A6E8DF85EC958C0BF419F147F643340DC95198F5BC958C0A720B78EE764334063E26A5859C958C0077445522B6533404B64333A58C958C089C64B824D653340F1C6E23256C958C0F45402AA896533403F13C22453C958C01BFF83F5E86533409D1AF3B652C958C0AC942913F6653340,ALAMOS II,9,14,BENITO JUAREZ,17,14-052,"4287, 4288, 4289, 4301","4299, 4300",
0106000020E610000001000000010300000001000000150000001DEEC8E908C958C06E8DBC33725F3340E4BE76B20AC958C09A94BE18445F334009CA2D520CC958C03D79390C145F334078EE25B30DC958C0B7E03040EB5E334024259A2D0FC958C0FA4F9992BF5E3340D8B479BF0FC958C0B33393C4B05E33403473533211C958C0BD1B3B218B5E33408B5E1EB60CC958C01E3A8F2E885E3340DEBB5D1A0CC958C00A5F30C8875E33405F1512A3FBC858C0140CB0F57C5E3340EA462B65F5C858C0D05B8376785E3340B90051F0E7C858C02E77BA12705E334003BB75DECDC858C04F8CC1A7605E3340D6F73DE8C9C858C081976539A15E3340121A077FC5C858C09925C914EC5E3340C6B3C251C2C858C04589EAA6245F3340C2C58B6FD7C858C03284DE72295F33403873918ADBC858C0194BDC502E5F3340940A811CEAC858C04E3BAE04445F3340A14A8E35FAC858C06A8E5BC95B5F33401DEEC8E908C958C06E8DBC33725F3340,ALBERT,9,14,BENITO JUAREZ,26,14-004,4405,4404,
0106000020E61000000100000001030000000100000028000000639EE7A621C958C00849056735613340D78281AF19C958C095AAD66E066133406C2A1B210FC958C0B65CDE28CB60334030649F460CC958C07F384D4BB860334061DB31DC08C958C029A1C17AA4603340A9FA144504C958C0E3FF76BE8C60334079ED58D300C958C0B05FF1C2806033409CBFE684FEC858C02BE5EF8D7F6033400788BCE3FDC858C0011599BE906033400C8D8D67FDC858C0ABCF75FD9D60334007519C69FCC858C020B46413B9603340514E196FFBC858C03395FD88D1603340DBA5A23BFAC858C0250BC07EEF60334084BF41E4F9C858C0553F6C02F86033407364A65FF8C858C05E65BDF81D613340042752BFF6C858C06886409A48613340B915C802F4C858C0D67ADF6A906133402229A871F3C858C0C6116D4B9F613340CA5BD7BDF1C858C01EED9BF8CB613340CA1E11E2EFC858C0F0E253BEFC613340A87FDAE2ECC858C07EEB3AFF4A623340F056C550EBC858C03CF3FE0174623340DD2FB816FEC858C0BB70A03881623340D0FAE3A606C958C0585A923F876233408BD2888E0DC958C0D311DC1D8C623340DA4BB68D14C958C069BFA153916233401DD7BB881BC958C08F8E4A8696623340D43E0CEA25C958C06671933C9E623340838C8A2A2CC958C0E117FFD62362334023D608FE32C958C092389FA728623340C5835D1947C958C0DE5B7E1835623340736391E249C958C02A3E3F4B366233409448341D46C958C084DAD9601D623340A881A5A842C958C043F2938B076233400BEB61B23BC958C0D0FC0113DB6133409B4FD1DD32C958C08959AB5DA1613340E99214FB2DC958C02FFB1C588461334049B69EF729C958C052137C8F6A6133401AB9143624C958C0F3D4C0E346613340639EE7A621C958C00849056735613340,AMERICAS UNIDAS-DEL LAGO,9,14,BENITO JUAREZ,26,14-005,,"4358, 4359, 4360, 4377",
0106000020E61000000100000001030000000100000014000000B837817B97C958C0F0164857F7663340565D9E80A3C958C00E1DB89CF46633409E826B699EC958C0D06EB26E6F6733400ABDD11D95C958C07F7630196F673340C0820CB872C958C0E739E8D96D6733403BA786AF49C958C02A42150665673340593D172049C958C0C2D338E7646733405895F88447C958C0D72AF4AA646733408F55ABA147C958C0662B560B60673340DA5016CD47C958C051AB780A59673340A719981B48C958C08C13808D4B67334080A7626D48C958C0EBBBF6394067334083C866D548C958C0008F64643067334098AD854749C958C0CABC0E98216733401014A7294AC958C0C7BCF84B046733403980E2D65AC958C0BEB0A7240267334088619F1368C958C0025245DAFF663340E54CBF3E75C958C0F5DCF703FF6633402C3025E586C958C054D7331BFB663340B837817B97C958C0F0164857F7663340,ATENOR SALAS,9,14,BENITO JUAREZ,17,14-007,,"4270, 4271",
0106000020E6100000010000000103000000010000000B0000000D61EDE9F1CA58C0D1FF72963A5F334048C6FC49F2CA58C018526F27335F334044DBBC79F2CA58C032A04734305F3340AF21E511F5CA58C0EB5DD02C075F33400A60AAB7FACA58C06A44DADA9F5E33405F05209007CB58C05E1966EAAA5E33401F5A807D0FCB58C0D34609FCB25E3340C69AFC5414CB58C05A37C1F5B65E334091B7722D15CB58C0452B60A9B75E334049DAA82E0BCB58C0307A2C48505F33400D61EDE9F1CA58C0D1FF72963A5F3340,CENTRO URBANO PRESIDENTE ALEMAN (U HAB),9,14,BENITO JUAREZ,17,14-008,4461,"4460, 4462",
0106000020E6100000010000000103000000010000003100000062E43BB030CB58C05BD149ABD8623340E33DCC3B34CB58C06C79C2ADD66233404BBDE18543CB58C02AD79317CE623340BD8C7C9C4FCB58C01CF8C14EC7623340F7F42D7959CB58C0556536C5C1623340751976235FCB58C07755E796BE6233408C9E6B4862CB58C0A26EA17DBC623340384783B86ACB58C030C8D9DBB6623340C34B883C6FCB58C099A13DD8B3623340FC9A735677CB58C07EC3F06FAE623340B3B6AA3484CB58C0F6F175FBA5623340E3BE109088CB58C0F1CC87F0A2623340E42A1B518FCB58C023B68EEB9E62334053AF3BD092CB58C0C25E2FA09D623340C1B394D4A1CB58C080DE7C949D623340D57983E5A4CB58C0B01102B89D62334073134575ADCB58C029DD37AB9D623340DC9D8E69B0CB58C0D861D1FA9D6233405B01A472B7CB58C0E89DE9529E6233402F21CBC7B7CB58C04CF66DFD9A623340283C9DCABFCB58C0941915B24A6233402703C692C0CB58C0116CC0DB42623340FE35CBCEC6CB58C059A0865E0462334055E04741CDCB58C0463029BFC3613340DD5CABD0D3CB58C0C11CE3FD81613340F6C43A27C3CB58C04E06DED57A6133405EA4953DB7CB58C0BB9EF9B7756133404DF91B90ABCB58C068E197E06F613340E6E3C998A5CB58C0F444D4DE6C6133405D53750AA4CB58C0C774CCE56B61334048DE177B9ECB58C0246EA94364613340BB00B4A693CB58C0674EF1767A613340C3877BC38ACB58C04D6D35428D613340FE1EE4CB81CB58C0EE668945A06133401F47E4F87CCB58C071D6665FAB613340BA2622AF78CB58C08F5543D6B461334029C6CBBC75CB58C0D0A89F66C261334015D2A5DE71CB58C084C98FD9CA6133404A461D7670CB58C06C3D21EDCD613340D068E47867CB58C07686ECDCDA61334087ED70A35FCB58C01D010823E6613340E8A81D0F4ECB58C07C7EE7FC006233406BDF114744CB58C0F09137A8116233405668306C40CB58C00FF64D70176233406E99D2593FCB58C0E883F78629623340A6C53C5F3ACB58C0EB7966EC62623340F01975DF35CB58C0C29B42E09B623340502CA38632CB58C0AF7C731FC362334062E43BB030CB58C05BD149ABD8623340,CIUDAD DE LOS DEPORTES,9,14,BENITO JUAREZ,17,14-009,"4426, 4427, 4428",,
0106000020E610000001000000010300000001000000280000000FBDFD4894CB58C00DE0A973305E3340735D568995CB58C0BE5D8AC9255E3340CA164A4298CB58C0E8C5F571075E334019C4AFD198CB58C0A30D2846FF5D33405B07E208A0CB58C071AE4DCEA95D334097F12F31A5CB58C0A11F89E46A5D33408CB54177A7CB58C089A99C9B4B5D3340DA96343CA8CB58C0D469B238435D334046F770D3B0CB58C02DDE4B71D65C334004CE0B80B1CB58C0273CA2A7CC5C33409B070C26B3CB58C0F55A9A8CB35C3340A7876AF4B0CB58C026C9F90CBB5C33406C27D9BBAECB58C07B8901DBC25C3340C3427D1D9ECB58C0691CB175D85C33403BA87FAE99CB58C0353CE62ADD5C33401B263E048FCB58C08B989DDEDD5C33404A35DEE088CB58C0E2AAC090DC5C334044FEBA5186CB58C0D4547E30DF5C33401E04BEDD83CB58C0A4733A48E25C33406A1156E881CB58C0ECEAB8E8E55C3340ABD1180580CB58C0157A23CFEA5C3340965055587DCB58C05D43FC97F45C3340D58DC02C7CCB58C00077BB81F95C3340FD336B0E7BCB58C092629120FE5C3340F0C0E2E178CB58C09BEAB1C6075D33408D984B3878CB58C0DBEC29350C5D334091FE5E5A75CB58C0E5AC64A71D5D3340C7EDFE6372CB58C0C96EA4882A5D334054F3B9886FCB58C03D767747375D3340C218739C68CB58C041D344C5515D33409D91246F61CB58C02F8204566A5D334009599D1D5FCB58C0A67B8A45725D33407EE47E5D5DCB58C083055B43785D3340BD36CA1A61CB58C0C971A883885D33405DF5A9F170CB58C0EC6C8759CD5D33409CB4362C7BCB58C05E830B16F85D33405877480A82CB58C07BF7172B0B5E3340C101AC6C88CB58C0636D466F185E3340E946FCC091CB58C07E59C9542B5E33400FBDFD4894CB58C00DE0A973305E3340,CREDITO CONSTRUCTOR,9,14,BENITO JUAREZ,17,14-010,4474,,
0106000020E6100000010000000103000000010000002C000000AEC036AB6ACA58C053EE0EF6F8663340567839386ACA58C0764AC4DFF36633409E7946006ACA58C07230444EF16633407D1FA0E669CA58C0E9B0B920F06633404A96AEB269CA58C0AED068BEED663340D550FE6E68CA58C05D1E7FE2DE6633408ED5440F67CA58C0E0CDA83AB5663340614C682760CA58C0F27221D3B86633404776C8E160CA58C0C395F6C1AD663340E36A150650CA58C0E3FEB08DB6663340B207680E47CA58C006166D3BBB6633404525860A48CA58C09455969F84663340941D090A4ACA58C009CB86DD0F663340AB73BB3F4ACA58C005D61B73066633406150CB8D4DCA58C009A8601272653340E60FDD9D4FCA58C0FDA9092CE4643340C88D24D356CA58C0153D17F6E264334052E697B463CA58C0197B2ECCE064334035A7092F70CA58C08F19D1BDEB6433401B81D4EC7BCA58C0EA94F109F66433402E61330994CA58C02B560B2F0B653340A0E3BC8CA8CA58C0B37ADA4A1D653340FF1B5DBDACCA58C0D3C7A1FD206533408CA30313BFCA58C0D059C02C31653340E1FC6777C8CA58C073687C6139653340B267C83CCACA58C0CEC299ED3A653340C24F50ABCCCA58C07F38800D3D653340582D0632D5CA58C06FDA748044653340C9D83F5FE2CA58C06A4C950350653340A6C2E751EBCA58C09BC5D9D4576533403BDD7571EECA58C050035A8F5A653340B2AFE532F4CA58C060969C965F653340997497A0FBCA58C0997DAF3D66653340A170BBD7F5CA58C01A05A9F3B065334063CA7379EFCA58C0D77B1472FC653340B095CE71E9CA58C04D4AAD65586633407E02A0FDE6CA58C0A27062E95A6633401CF4F0DEE5CA58C006E7DAFF5B6633401C3BE511E5CA58C00DB406C75C66334026397E1AE4CA58C0F07AACB55D66334023E2250DBFCA58C05CDC117A80663340A6CF870394CA58C0A4D1078CBC663340BF3A2B2C6FCA58C08745E5A8F2663340AEC036AB6ACA58C053EE0EF6F8663340,DEL VALLE I,9,14,BENITO JUAREZ,17,14-053,"4335, 4336, 4337, 4338, 4339, 4340",4334,
0106000020E61000000100000001030000000100000031000000997497A0FBCA58C0997DAF3D66653340B2AFE532F4CA58C060969C965F6533403BDD7571EECA58C050035A8F5A653340A6C2E751EBCA58C09BC5D9D457653340C9D83F5FE2CA58C06A4C950350653340582D0632D5CA58C06FDA748044653340C24F50ABCCCA58C07F38800D3D653340B267C83CCACA58C0CEC299ED3A653340E1FC6777C8CA58C073687C61396533408CA30313BFCA58C0D059C02C31653340FF1B5DBDACCA58C0D3C7A1FD20653340A0E3BC8CA8CA58C0B37ADA4A1D6533402E61330994CA58C02B560B2F0B6533401B81D4EC7BCA58C0EA94F109F664334035A7092F70CA58C08F19D1BDEB64334052E697B463CA58C0197B2ECCE0643340C88D24D356CA58C0153D17F6E2643340E60FDD9D4FCA58C0FDA9092CE464334024B09CE150CA58C04ECB95859E6433408887204C50CA58C0081CBB2696643340D126D5984FCA58C069A5671C8C6433402284FD5154CA58C07B14B42A3E6433409C06526257CA58C03F9D0B600C6433407FFC649859CA58C0FF8A2D72E863334018A7A1ED5BCA58C00AA305B8C2633340284CECF15FCA58C068F9F2C281633340B5CF9EA161CA58C0D4E1AB7D6663334024DE84C269CA58C008E3AE2E8A6333408A0C3CD66CCA58C071F430F78C633340B4B49F2873CA58C0267F0DAF926333406DF25E4678CA58C06B0CBB4F976333408E17834A84CA58C053619B1BA2633340F8CBA84E90CA58C040F36EE7AC633340520052629BCA58C0A78BEADEB663334002AA2451A8CA58C0A0F6E181C2633340D9F35089ABCA58C0603EF636C56333404DF5FB9AC1CA58C007EAE1C5D7633340B42BBEFAC9CA58C0A77F90D0DE63334086F5109FD3CA58C063AC23ECE66333404CDC6D81DECA58C06F421B13F06333406323C6BDE9CA58C06BA11F79FA633340CB9F8D7DF6CA58C0BB27AD45066433409BD42E5405CB58C040D71801146433404D1AA17615CB58C0765B7FEF2264334026180B2913CB58C090CC45113E643340081CA82711CB58C0DCBECF20576433409BDB843C0DCB58C069603482886433407490B16006CB58C0EFDD3EFBDD643340997497A0FBCA58C0997DAF3D66653340,DEL VALLE II,9,14,BENITO JUAREZ,17,14-054,"4341, 4342, 4343, 4344, 4345, 4346, 4347",,
0106000020E6100000010000000103000000010000004A0000004D1AA17615CB58C0765B7FEF226433409BD42E5405CB58C040D7180114643340CB9F8D7DF6CA58C0BB27AD45066433406323C6BDE9CA58C06BA11F79FA6333404CDC6D81DECA58C06F421B13F063334086F5109FD3CA58C063AC23ECE6633340B42BBEFAC9CA58C0A77F90D0DE6333404DF5FB9AC1CA58C007EAE1C5D7633340D9F35089ABCA58C0603EF636C563334002AA2451A8CA58C0A0F6E181C2633340520052629BCA58C0A78BEADEB6633340F8CBA84E90CA58C040F36EE7AC6333408E17834A84CA58C053619B1BA26333406DF25E4678CA58C06B0CBB4F97633340B4B49F2873CA58C0267F0DAF926333408A0C3CD66CCA58C071F430F78C63334024DE84C269CA58C008E3AE2E8A633340B5CF9EA161CA58C0D4E1AB7D666333407AE69D6F60CA58C0A5157B1962633340AA5AB2965ECA58C048F5C48B5B63334023DC30C65CCA58C0B2489D30526333400C0C2B855ACA58C07C818F644663334066E7422758CA58C07AC651C6376333402F69F42755CA58C06A78AA1F23633340804B134A51CA58C0DED3C84CEE6233400CAC3DE24FCA58C09670472DD5623340640670A24CCA58C01520BB72AB623340C1C5565F4ACA58C0E42007F785623340E3A38CBC49CA58C07F39B7A3786233403D83363F43CA58C016D738CB26623340BB6AFC3846CA58C00E5E60022A6233408C4498C24DCA58C0C09FB2A230623340D6959FAC4ECA58C0FD5A6E7031623340337120804FCA58C02BC05C2A32623340782934DE5ACA58C007C791283C62334016946E9F66CA58C0F5ACE27D46623340980EA2DE72CA58C01557E24151623340F143662C7FCA58C0CBFFA0125C623340F66D4DF38ACA58C059191C7066623340A784DA8696CA58C099B4F710716233407A9E5CCAA2CA58C0FD2A60247C623340C293F0DAAECA58C0392B4D9187623340E54F8A30BBCA58C04B121CF3926233407F94B761D1CA58C0D44C99BDA662334080610D5ED1CA58C0BE1611E4AB623340DB2D27D0D1CA58C0F8B7142CB06233408AFDE045D2CA58C0974FE6DEB2623340AE6FCC29D3CA58C095BBCB6EB462334008C4ABFDD3CA58C0BC61654CB5623340D8A47DECD4CA58C0052DA7C2B462334020A537C0D5CA58C010A5BA6BB3623340E007D466D6CA58C07E54CC58B16233404E1BFA23D7CA58C00CD4E356AF6233408236E5E1D7CA58C0C06DD5B5AC623340A4465CD8DDCA58C0BFF5800AB2623340E186615FE6CA58C0039C98CBB9623340E3745341F1CA58C077202551C56233409CCA7DC7FBCA58C0397EDF17D76233407E5DCD6C06CB58C0EEECB031EA623340240EACC407CB58C0D0425B59F1623340C59AFA4710CB58C0E26DA83EEF623340B66120AB1ACB58C0C5672DDBE76233400EC20E6A1DCB58C0ABC09D0DE6623340877C7B3729CB58C00E4E7762DE62334062E43BB030CB58C05BD149ABD8623340DE4139F725CB58C0F5E2218461633340303878F024CB58C0C5E8729D6E633340F91451D721CB58C021854FCE8E633340558073DD1FCB58C03E1A7937A96333405AE4DB121ECB58C0BF87A470C0633340A3B70FAF1BCB58C02988E269DF63334029B46CCB1ACB58C0DA57077FE8633340B7502AEA18CB58C03C3358B7FD6333404D1AA17615CB58C0765B7FEF22643340,DEL VALLE III,9,14,BENITO JUAREZ,17,14-055,"4348, 4349, 4350, 4352, 4353, 4354",4351,
0106000020E610000001000000010300000001000000580000009CCA7DC7FBCA58C0397EDF17D7623340E3745341F1CA58C077202551C5623340E186615FE6CA58C0039C98CBB9623340A4465CD8DDCA58C0BFF5800AB26233408236E5E1D7CA58C0C06DD5B5AC6233404E1BFA23D7CA58C00CD4E356AF623340E007D466D6CA58C07E54CC58B162334020A537C0D5CA58C010A5BA6BB3623340D8A47DECD4CA58C0052DA7C2B462334008C4ABFDD3CA58C0BC61654CB5623340AE6FCC29D3CA58C095BBCB6EB46233408AFDE045D2CA58C0974FE6DEB2623340DB2D27D0D1CA58C0F8B7142CB062334080610D5ED1CA58C0BE1611E4AB6233407F94B761D1CA58C0D44C99BDA6623340E54F8A30BBCA58C04B121CF392623340C293F0DAAECA58C0392B4D91876233407A9E5CCAA2CA58C0FD2A60247C623340A784DA8696CA58C099B4F71071623340F66D4DF38ACA58C059191C7066623340F143662C7FCA58C0CBFFA0125C623340980EA2DE72CA58C01557E2415162334016946E9F66CA58C0F5ACE27D46623340782934DE5ACA58C007C791283C623340337120804FCA58C02BC05C2A32623340D6959FAC4ECA58C0E05A6E70316233408C4498C24DCA58C0C09FB2A230623340BB6AFC3846CA58C00E5E60022A6233403D83363F43CA58C016D738CB26623340A57BFA893CCA58C095022D65CC613340DA7EBC7B3BCA58C052DD6F7DBD6133402BC156E239CA58C096EA4052A561334007A629FF36CA58C0557F27AF79613340A6B8048732CA58C08CAA7F083F6133407A6D970932CA58C08668424532613340452857B932CA58C0A4A6FB4F2D613340063AE68C35CA58C086F859720F613340D057D6DC36CA58C0EB9FCAC102613340C0576F2838CA58C0E8585B4AF7603340ABD29B7A39CA58C0BA24110EEC603340856201233ACA58C0F375CE75E66033405AC101423BCA58C01F43377BE160334065752E4B3DCA58C04F4B1CE6DC603340C0F25F3E3BCA58C06EA56434FC6033409D893F973ACA58C088888F2C06613340C3AB537C3BCA58C02D6A93E506613340A68FEEC23CCA58C0B78A5BED076133403149930D44CA58C01790EFD00D6133403018965747CA58C018D7F87810613340B882C1C052CA58C046C42CB019613340E1C9DB9B4FCA58C016746E6C4D613340010BF8A44CCA58C062E387337E613340112395F164CA58C00EAD1D2093613340C89668D77CCA58C0E6117240A96133400A7FD20080CA58C069766303776133406B43224383CA58C022923A514361334058642C908FCA58C0183AFB3A4E613340668CB8639BCA58C054F101B9586133402A8ABD7BA7CA58C0509359726361334095CEE475B3CA58C0549732116E613340F34664D8BFCA58C035877D0C79613340A078A234CCCA58C02F7550DF8361334070888DDED8CA58C014BBBFF48E6133404D47FBBBDDCA58C0C0E8DB369361334046E8CC32E7CA58C01A5F3F7F9B6133404A1355F1EBCA58C0B8D2B8D255613340074D304FF1CA58C06D4E150207613340919D743200CB58C0083AA32D1561334072039B230ACB58C02394DBB91E61334007621F1416CB58C00F9B52322A613340353103C81ECB58C092C008A532613340891836742BCB58C0980E2BF23E6133401526D24B32CB58C0744C7A9645613340A8BBE1763ECB58C09DAD3D665161334089172FAE47CB58C035E5C698596133403A49734C50CB58C0316EF86852613340B26DF6E742CB58C05757E0F46661334058287B1F38CB58C0098345DA746133408EA203EC28CB58C01CA0117188613340C95E3A0B22CB58C0EBA5084E9161334094AD8F8610CB58C08A6329E1A7613340256603B910CB58C05797CB13B3613340EC49CFAD0ECB58C013D942F2B5613340FA5D2C930CCB58C0A46330A6BE613340D394E42B05CB58C0DBC8B58646623340BA5290A103CB58C0F348BD41546233407AD00E9EFFCA58C0583B6683976233409CCA7DC7FBCA58C0397EDF17D7623340,DEL VALLE IV,9,14,BENITO JUAREZ,17,14-056,"4364, 4365, 4366","4367, 4368, 4369, 4394",
0106000020E6100000010000000103000000010000002C000000468A9D3D0CCB58C0F1FECB30515F334005AEAA9FFECA58C099F2FA7F455F3340C6150D35FACA58C042234AB5415F33400D61EDE9F1CA58C0D1FF72963A5F3340AF21E511F5CA58C0EB5DD02C075F33400A60AAB7FACA58C06A44DADA9F5E33404AE243DCF9CA58C0C23AEF1D9F5E33406A09DF53EDCA58C088E75254945E334081EB5544E1CA58C0ACE325F2895E334081D30DBAD5CA58C047C1A402805E334010675F8FD4CA58C0454E7D017F5E33402AA9CBD7C8CA58C02644EEEA745E3340533221EEC3CA58C0DDCCD513C85E3340CC20EEC6BFCA58C0A45DAF600E5F3340CA9BFED0CBCA58C0221081FE185F33407B9F10DBD7CA58C0C1F5459C235F334050199DE0CFCA58C06ED6CCB3A55F3340A70F1FABB7CA58C029192CE08F5F3340A144EA4FAECA58C0AB0EF507276033401EB0248CA2CA58C0690490E81B603340BC001C3496CA58C0E7987E3012603340E6DA156F90CA58C0B73E4B6E6F6033401FC367988CCA58C0E248E576AD6033406B43224383CA58C022923A514361334058642C908FCA58C0183AFB3A4E613340668CB8639BCA58C054F101B9586133402A8ABD7BA7CA58C0509359726361334095CEE475B3CA58C0549732116E613340F34664D8BFCA58C035877D0C79613340A078A234CCCA58C02F7550DF8361334070888DDED8CA58C014BBBFF48E6133404D47FBBBDDCA58C0C0E8DB369361334046E8CC32E7CA58C0365F3F7F9B6133404A1355F1EBCA58C0B8D2B8D255613340074D304FF1CA58C06D4E150207613340390BAB29EFCA58C0CA828F1502613340B2F22F77EECA58C0AF2D0B7CF96033403CFBFDA0EFCA58C03147F90AE6603340CC5DDCECF1CA58C0FC8204AABF603340E0E51FFAF5CA58C018200391C2603340902A0AD0F8CA58C08A99D2C09260334098D09235FBCA58C0A3442EDE6A6033402F875FAE04CB58C046612790D35F3340468A9D3D0CCB58C0F1FECB30515F3340,DEL VALLE V,9,14,BENITO JUAREZ,17,14-057,"4370, 4371, 4372, 4391","4396, 4462",
0106000020E610000001000000010300000001000000240000006B43224383CA58C022923A51436133400A7FD20080CA58C06976630377613340C89668D77CCA58C0E6117240A9613340112395F164CA58C00EAD1D2093613340010BF8A44CCA58C062E387337E613340E1C9DB9B4FCA58C016746E6C4D613340B882C1C052CA58C046C42CB0196133403018965747CA58C018D7F878106133403149930D44CA58C01790EFD00D613340A68FEEC23CCA58C09B8A5BED07613340C3AB537C3BCA58C02D6A93E5066133409D893F973ACA58C088888F2C06613340C0F25F3E3BCA58C06EA56434FC60334065752E4B3DCA58C04F4B1CE6DC603340EB761EE33FCA58C0E870C80FCD60334080A1CC244ECA58C07F10CB0076603340D4AD51A452CA58C0124EC2055A6033401C1D98FF64CA58C03D6A6FD5E75F3340DC19E17371CA58C0E6D0E85B9A5F3340871D28857BCA58C0DCDD0FBB5B5F3340BDA834B88ECA58C0244E4AA7E35E334086238E5A91CA58C07BE8D7DAE55E3340B343C66A9BCA58C0C644C343EE5E3340DCEC1A8CA7CA58C03CE1CD66F85E334062EECF32B3CA58C01AC31BF8025F3340CC20EEC6BFCA58C0A45DAF600E5F3340CA9BFED0CBCA58C0221081FE185F33407B9F10DBD7CA58C0C1F5459C235F334050199DE0CFCA58C06ED6CCB3A55F3340A70F1FABB7CA58C029192CE08F5F3340A144EA4FAECA58C0AB0EF507276033401EB0248CA2CA58C0690490E81B603340BC001C3496CA58C0E7987E3012603340E6DA156F90CA58C0B73E4B6E6F6033401FC367988CCA58C0E248E576AD6033406B43224383CA58C022923A5143613340,DEL VALLE VI,9,14,BENITO JUAREZ,17,14-058,"4373, 4390, 4397, 4398","4389, 4399",
0106000020E6100000010000000103000000010000002A00000036CF38D73CCB58C0D427E5E97A5F3340100E62DB30CB58C09BF83FA0705F33405A3C70CD24CB58C0B298FF46665F3340931C868518CB58C08E74ECBB5B5F3340468A9D3D0CCB58C0F1FECB30515F334049DAA82E0BCB58C0307A2C48505F334091B7722D15CB58C0452B60A9B75E3340C69AFC5414CB58C07637C1F5B65E33401F5A807D0FCB58C0D34609FCB25E33401D292CD807CB58C0F9586F28AB5E33400A60AAB7FACA58C06A44DADA9F5E33404AE243DCF9CA58C0C23AEF1D9F5E33406A09DF53EDCA58C088E75254945E334081EB5544E1CA58C0ACE325F2895E334081D30DBAD5CA58C047C1A402805E334010675F8FD4CA58C0454E7D017F5E33402AA9CBD7C8CA58C02644EEEA745E3340533221EEC3CA58C0DDCCD513C85E3340CC20EEC6BFCA58C0A45DAF600E5F334062EECF32B3CA58C01AC31BF8025F3340DCEC1A8CA7CA58C03CE1CD66F85E3340B343C66A9BCA58C0C644C343EE5E334086238E5A91CA58C07BE8D7DAE55E3340BDA834B88ECA58C0244E4AA7E35E334029289CBCA4CA58C07EAC2E46565E33401E7C0590B7CA58C0AE895E62DD5D33401F0739DCBACA58C03F4E4035C85D3340714693F1D1CA58C049AC79BD3F5D3340D1F77E92DFCA58C0FD08EF75F95C3340C6D11CC6EBCA58C08EAF447A0B5D3340503D57A1F7CA58C04853D9C81C5D334004F361440FCB58C01123A5643E5D33403E830FEA0ECB58C0455B54E0435D3340D27306F10BCB58C0E61D7013725D33405D2EC86828CB58C09EA6E8C68B5D3340A219D8591FCB58C09C839767215E3340BA63B35B2BCB58C07F87D68E2C5E3340B701F56A37CB58C06CDB83C2375E33403BB5569A43CB58C01E97FC13435E3340ABC88E9D4FCB58C05950643C4E5E33403CDA00DB45CB58C0EB814E8BEA5E334036CF38D73CCB58C0D427E5E97A5F3340,DEL VALLE VII,9,14,BENITO JUAREZ,17,14-059,"4463, 4464, 4476","4459, 4460, 4466",
0106000020E61000000100000001030000000100000026000000110EA62A29C958C03B74126C505C33404553934A2EC958C0B628DD43F05B3340CC254E002FC958C09FD4F5F1E25B3340CD2AC05131C958C0D690BB72B75B3340B72E4E9C31C958C064C4CDFBB15B334052E16A8D33C958C04293108C8D5B334029DDD38334C958C0F31C707C7B5B3340818878D834C958C007583148755B3340EFDF72C638C958C0F7E31625375B3340258D3E4E37C958C03D07472D3A5B3340C9BB208028C958C0C0FA02B9585B3340F1AC9541F9C858C036281FFD4C5B33400B09D125F9C858C0DE54F4004F5B3340376BC392F8C858C08DF9A596595B3340DA26F155F8C858C07D4804F25D5B33404C77C944F8C858C0BB13CB3A5F5B3340E1932E27F8C858C0C5A72C72615B3340313D7CE4F7C858C0078D6A70665B3340931F2154F7C858C089CBF33E715B3340BB64A422F7C858C0925F6AF3745B334098F34FA4F5C858C04149223A875B3340031003CAEEC858C07EF58167095C33400E834697EEC858C07E6C4E2B0D5C3340949EC9A7EFC858C01AED20A00D5C3340BB1511DEF8C858C0870A1393115C3340768D0D7900C958C0E1546989145C334077FF77D301C958C096154C0E155C33405784799A07C958C087310D5C175C3340C4678C0F0DC958C00E03B066195C3340D5E2FFB90EC958C0C50CE4351A5C334001AF569715C958C01479BF071D5C334099352C311BC958C0783DE23D1F5C3340FE849EA01BC958C0A24AC34D205C3340B65E8B691CC958C09EDCED37225C3340B096A21C1DC958C0B4A6C8EC235C334013AD806B1EC958C0778FC01D275C334062CBA35C23C958C0443853AD2F5C3340110EA62A29C958C03B74126C505C3340,ERMITA,9,14,BENITO JUAREZ,26,14-013,4483,,
0106000020E610000001000000010300000001000000210000003A49734C50CB58C0316EF86852613340EAB62E6D54CB58C09B3A83F24C613340C0B5975E5BCB58C0786A65C24361334010208E7562CB58C01C5B90603A613340BD0E59746CCB58C0AB6951262D613340E255FD0776CB58C0C450D57920613340244813367FCB58C055D1B55314613340120B654C89CB58C018AE34FA06613340B180BC4492CB58C0B381221BFB60334087745EF69CCB58C08922AE5EEC6033409C2F6EA9A5CB58C0CD6BC161E06033407B27E567A7CB58C0123384FADD60334028305D6BA9CB58C0798EE643BE60334053B7ED49ABCB58C093947BD2A0603340CBFC84C8ABCB58C0E912277B986033409161BF24B0CB58C0E59DA5774D6033405A599D99B0CB58C06E160F9D45603340067B05CAB3CB58C05EEA76BF0E603340C9305934A8CB58C09406C6BD03603340769504E59FCB58C0D7A88FD8FB5F3340C9121D6996CB58C08360BCD5F25F3340695A34A58DCB58C0D75325BFE95F3340C699811584CB58C028249401DF5F334005FD097973CB58C0CC44610DCE5F3340AD6F0B2276CB58C0D1E2E639AD5F33405D6120D972CB58C0A3001B23AA5F3340754995886BCB58C0AEFCFC1E0A603340C0583B0769CB58C018F150A52B6033409FA769B263CB58C0D5ADA7316B603340CDF1DEEC61CB58C0FC51BA4F80603340B17BA1F05CCB58C0E9D8FABBBB6033402E848C8A57CB58C091C09F15FC6033403A49734C50CB58C0316EF86852613340,EXTREMADURA INSURGENTES,9,14,BENITO JUAREZ,17,14-014,4452,,
0106000020E610000001000000010300000001000000220000000BCF989969CA58C0938116BF5A5D33409E7117FE6DCA58C04F547FCFC95C33406BC9A6996ECA58C0C5477E3EB35C33407FB0205270CA58C031DF7BB8805C334065DEE42774CA58C0E3703AAE015C33405749D1F574CA58C00DF4600FEA5B33405FEE502776CA58C078E18004C75B334049E7D94976CA58C00F91082BB85B3340B2A1CCE65BCA58C0042E70AEB25B33401893509F0ECA58C0D9AF5CF9A05B3340A5DEE25307CA58C0D2025D4D9F5B33401E83302ACEC958C0D83817D8925B3340DE8970A6CAC958C07EF20223925B3340A4EFFE34CBC958C0D23BDF3A995B3340DE0158A9CBC958C0A2EE54A29F5B3340A995060ECCC958C0497BFB2CA55B33402BB5852AD8C958C0839783D34F5C33407262F995DDC958C0BA6279309C5C33405BB626D1E0C958C07C9410459E5C3340DA1D530BEBC958C0996FCADAA45C3340665025AEF6C958C09BF1AC58AC5C3340558DF85002CA58C0BB8483D6B35C3340D0BD974C09CA58C040CCEE1EB85C33400940FE1F0BCA58C07AE39A3DB95C334099DB6C6526CA58C0A55C52D7E85C334085526E9D32CA58C09616BE11FE5C3340372B5E2F3FCA58C0DF30B241135D334004BFD9C040CA58C0E9A967E6155D33402A5C04CF41CA58C002C2C6AD175D33401CFF2EDD42CA58C0D1C02575195D3340E6A3FB5C4ECA58C02DEAF1D62C5D33403058F8D458CA58C0278B077C3E5D3340C4ECCB8A5BCA58C0C0E7740D435D33400BCF989969CA58C0938116BF5A5D3340,GENERAL PEDRO MARIA ANAYA,9,14,BENITO JUAREZ,26,14-015,"4507, 4508, 4509",,
0106000020E6100000010000000103000000010000003100000065CDD0037DC958C0BB32ADDFBE613340FE6B543D7EC958C0D34B43D8A56133403847C49C73C958C01C539FF6A2613340310675DB68C958C075E57691A0613340CBBB91D85DC958C01EEC0FB09D613340AF6A27EE5CC958C049DA797C9D6133403C435AAB5BC958C01B5370359D6133409F9CE27053C958C079BBA8BE9F61334061DC79504EC958C0A1B030A39B6133408129774449C958C0AAC3EE8D976133405553C01B3FC958C0A9C4E9F78F6133403D7813CD3BC958C03B558FA58D6133404016ABE833C958C09BF50C8588613340E99214FB2DC958C02FFB1C588461334049B69EF729C958C052137C8F6A6133401AB9143624C958C0F3D4C0E346613340639EE7A621C958C00849056735613340D78281AF19C958C095AAD66E066133406C2A1B210FC958C0B65CDE28CB6033404DFA53B01EC958C0AD59E195D66033407F01246224C958C017949B18DB603340259FFA492EC958C021BDB095E2603340E9AD32FF30C958C0408C699EE4603340D089FF443AC958C024816DC5EB603340472FCD6F4AC958C080F76CE5F7603340D530CA125BC958C061C666C9046133403D1CECF95DC958C09140CFB9CC60334019F6740361C958C0ACA2F60095603340A363E70769C958C094404BA49A6033408C054C2B76C958C039DC94EBA46033407EA1CCF580C958C00F8F7860AD6033402F7016128BC958C058716870B5603340FAF151BA95C958C0228C59FEBC6033401BBEA451A0C958C0F1140004C6603340CE1133CFAAC958C078A94618CC603340E847077DB5C958C0AD20556ED46033401FD648E6BCC958C04A7F5337DA6033406AE6CEC6C3C958C013879195DF60334017D5EE94D0C958C09F8C6021EB60334064645D57CEC958C0B578C6A521613340DF632E20CCC958C0596285EC556133401472EAC9C4C958C06A876A5A516133409218DB68BDC958C0D3EA12FD4C6133400BA8453EBAC958C0F35204D8816133404A770E23B7C958C0B9344AB2B56133402AC08B23B4C958C0AA1DE263E9613340E0F3AC88A7C958C01AD6CBD9DF61334087A59F3D92C958C00CC53511D061334065CDD0037DC958C0BB32ADDFBE613340,INDEPENDENCIA,9,14,BENITO JUAREZ,26,14-016,"4361, 4375, 4376","4356, 4357, 4358, 4360, 4362, 4374",
0106000020E610000001000000010300000001000000290000000FBDFD4894CB58C00DE0A973305E3340C8DF1D1692CB58C09AC6E585505E3340FE9685438ECB58C01D33B9237E5E33400F4DB0C088CB58C0AF5E0D3EC55E3340B034A1E985CB58C0D587417BC15E3340F827C96485CB58C0056E8A38C85E334031E3798D7ECB58C0BB0CD692225F33405D6120D972CB58C0A3001B23AA5F3340AD6F0B2276CB58C0D1E2E639AD5F334005FD097973CB58C0CC44610DCE5F3340C699811584CB58C028249401DF5F3340695A34A58DCB58C0D75325BFE95F3340C9121D6996CB58C08360BCD5F25F3340769504E59FCB58C0D7A88FD8FB5F3340C9305934A8CB58C09406C6BD03603340067B05CAB3CB58C05EEA76BF0E6033402FDF021ECDCB58C0DDFA9B28286033405C7889C2DECB58C060D8B8DB3960334012D7F69FF1CB58C008929CC84C6033409B5D28F801CC58C095AB162E5D603340769E3CA802CC58C021D1DCE745603340209DE10703CC58C06664664339603340A6663C3004CC58C0EA58FC16126033401411BFF104CC58C0CCEFB382F85F33404E87F55705CC58C0B6A3A0B8E95F3340B03F24F105CC58C065448E8ED35F33402478976806CC58C09E95F545C25F3340CEE1013908CC58C0086A3A137F5F334034992BCA08CC58C00D7E1B126A5F3340F0AD42ED08CC58C0EEC14BFE645F334062F66EA609CC58C0EC1907D3595F3340CDCC4D4A01CC58C031C76FF2585F334000101832FCCB58C0A70DD776655F3340259ED4B5F3CB58C0535A40A7355F334040A9206CE8CB58C07571FDF5135F3340392E34B2DACB58C0F156D560F05E3340BE3176C3C9CB58C05ACB0631C65E33402F0276DFBBCB58C0A7C58496A65E3340B337BB7DADCB58C066C58AB3825E3340692BADB8A2CB58C08A27F01D5B5E33400FBDFD4894CB58C00DE0A973305E3340,INSURGENTES MIXCOAC,9,14,BENITO JUAREZ,17,14-017,"4457, 4458, 4479, 4480",,
0106000020E6100000010000000103000000010000001D000000240EACC407CB58C0D0425B59F1623340C59AFA4710CB58C0E26DA83EEF623340B66120AB1ACB58C0C5672DDBE76233400EC20E6A1DCB58C0ABC09D0DE6623340877C7B3729CB58C00E4E7762DE62334062E43BB030CB58C05BD149ABD8623340502CA38632CB58C0AF7C731FC3623340F01975DF35CB58C0C29B42E09B623340A6C53C5F3ACB58C0EB7966EC626233406E99D2593FCB58C0E883F786296233405668306C40CB58C00FF64D7017623340D01BD39644CB58C0D8237583E4613340ACB6887247CB58C00C260DDFBD613340D3CDD2B74ACB58C046C0079B966133403A49734C50CB58C0316EF86852613340B26DF6E742CB58C05757E0F46661334058287B1F38CB58C0098345DA746133408EA203EC28CB58C01CA0117188613340C95E3A0B22CB58C0EBA5084E9161334094AD8F8610CB58C08A6329E1A7613340256603B910CB58C05797CB13B3613340EC49CFAD0ECB58C013D942F2B5613340FA5D2C930CCB58C0A46330A6BE613340D394E42B05CB58C0DBC8B58646623340BA5290A103CB58C0F348BD41546233407AD00E9EFFCA58C0583B6683976233409CCA7DC7FBCA58C0397EDF17D76233407E5DCD6C06CB58C0EEECB031EA623340240EACC407CB58C0D0425B59F1623340,INSURGENTES SAN BORJA,9,14,BENITO JUAREZ,17,14-018,,"4351, 4367, 4368",
0106000020E61000000100000001030000000100000021000000001A80FADBC858C0A7E541E50B643340C98B9871DCC858C04FFBFB55FF633340966365BEDCC858C0808E923CF763334019C6EB68DEC858C0B5A96941CA633340E50D61C3DFC858C0AAC5CBB7A56333401695F258DCC858C024D163DE9D63334077891708D5C858C0850379669A633340CEAA13BDCBC858C04A28802E96633340EC30659CC2C858C0B50611FF916333403E650DAAB9C858C0695F67428D6333409E781588AFC858C0DB231F328863334097A6FC34ADC858C0ECCA00F5866333408053F584A5C858C0E46141DC82633340D35E3C3D9DC858C0C6D38B3F7D633340D2535E8094C858C0933C8048796333408A777C1B8CC858C0536BC9CD746333406180EBA086C858C0D4EC5B28726333403013FDA683C858C080B76040A8633340793F0A1580C858C0B4F61A23E96333401EED01C27CC858C0AFF738B027643340C9C63E4E85C858C0B7FE7B2A2B643340AFD44FF78DC858C0AF0C1CA62E643340BCBAAF5A96C858C0AFEEE7EA31643340F85F25019FC858C057D8D420356433407AFB95FBA6C858C08EDBDA03386433402CCAC923A8C858C03699277138643340FFE8A658A9C858C0C7CB3BEE38643340E6C69F31B3C858C0DE761EEB3C6433405AF1620CBCC858C01195B6E43F6433405984704FC5C858C0047B614B436433406DBDB7C2CEC858C0180E7BC447643340004ACB91D9C858C0C7D1A0EE4C643340001A80FADBC858C0A7E541E50B643340,IZTACCIHUATL,9,14,BENITO JUAREZ,17,14-019,4436,"4435, 4437",
0106000020E610000001000000010300000001000000180000009827798E1CC958C04D85CA0C876333405532E6651EC958C05F39224E5B6333402E4C55BE20C958C070B0BBB8196333408D6726851CC958C0B37E0AC216633340EE8319B915C958C035FEFDFC116333400A4140500EC958C0B2C1E4C90C633340BFF698A907C958C035810D1F08633340E01E61D300C958C0233EA5010363334046DB63C2FEC858C0E679327501633340E776EF0FF9C858C0D2300B30FD623340C32B8EA3E6C858C0B14E2402EF623340E9D5D4E0E4C858C0A609EDAA1C63334024431C3DE4C858C0180EBD642D633340F8A376F3E2C858C01D40641F4F633340AB47FD06E2C858C0C51ED57367633340EA09A05FF4C858C0040AE21A70633340D6BEFD15F7C858C0126269CE71633340B087F4CDF9C858C051EFFF5873633340575DEB85FCC858C0C4D595E374633340D4B5486502C958C0226FED377863334002EFB29F08C958C0D1AEE0BF7B633340DBE7E15910C958C0AC9F622180633340B5E4A03413C958C050E7AABF816333409827798E1CC958C04D85CA0C87633340,JOSEFA ORTIZ DE DOMINGUEZ,9,14,BENITO JUAREZ,17,14-020,4317,4329,
0106000020E610000001000000010300000001000000400000007A6D970932CA58C08668424532613340452857B932CA58C0A4A6FB4F2D61334077DA18CC33CA58C0B082FB59216133405896B87A35CA58C0EB27232210613340D057D6DC36CA58C0EB9FCAC1026133404A1B2D9538CA58C0F3FABB87F3603340856201233ACA58C0F375CE75E66033405AC101423BCA58C01F43377BE160334065752E4B3DCA58C04F4B1CE6DC603340EB761EE33FCA58C0E870C80FCD60334080A1CC244ECA58C07F10CB0076603340D4AD51A452CA58C0124EC2055A6033401C1D98FF64CA58C03D6A6FD5E75F33405459E0F861CA58C048F9D747E55F334043955B035ACA58C0414BDF90DE5F3340D71751064FCA58C01BC4FA6FD55F3340834C083144CA58C0A0D5FF33CD5F3340259FDBD535CA58C0B3AB531DC85F3340906209EA28CA58C05BE496CBC25F3340AA0222591CCA58C06DA82BDCBC5F33409CB5FE1E1ACA58C0B34B5812BC5F33403BDE72C716CA58C045055CE3BA5F33406AC69D5B0FCA58C04D8987BFB75F3340F69582EF02CA58C0A88FB767B25F33406E024100F8C958C012534D64AD5F3340CDCE9A90ECC958C0C2C0F925A85F3340AE0786B4E2C958C0EAD9A5A0A35F3340FCC196D5DFC958C022ACCC49A25F33401DDD3AADD8C958C02C0C6B819E5F33402C579A43CAC958C049BD25D5965F3340097DA6A2C7C958C0240BFDD2955F33403D2704FDC1C958C05B7567A8935F334078466EB6B9C958C09A25A37B905F33400504632EB2C958C0824DDF978D5F33402E0358A6AAC958C0AF7616B48A5F33400C71C39AA3C958C051C7DD07875F33403AC68B109DC958C01D27119F835F3340219C452890C958C01297001C7C5F3340918640928BC958C0CFFB9912DB5F33407EA1CCF580C958C00F8F7860AD6033402F7016128BC958C058716870B5603340FAF151BA95C958C0228C59FEBC6033401BBEA451A0C958C0F1140004C6603340CE1133CFAAC958C078A94618CC603340E847077DB5C958C0AD20556ED46033401FD648E6BCC958C04A7F5337DA6033406AE6CEC6C3C958C013879195DF60334017D5EE94D0C958C09F8C6021EB603340421CBA40D3C958C0F2280BBBEC6033402494E160DCC958C06BCD53ECF1603340F02AD53FE8C958C056785493F86033409E36747DF2C958C0185840A4FE603340A31514D1FCC958C01DB85C0D04613340031ABFC608CA58C0015F5D2A09613340634D5AA315CA58C011DE05EA10613340C73C20A71FCA58C05A528CF216613340B02B647425CA58C008EF61721A6133408E87AC3228CA58C01CCA45191C61334026FE4DF028CA58C02C2C8E8B1C61334032E5090E2ACA58C0869BF8FB25613340340B9A642BCA58C0B965542E2C613340031BBB492DCA58C052C51B3C32613340A6B8048732CA58C08CAA7F083F6133407A6D970932CA58C08668424532613340,LETRAN VALLE,9,14,BENITO JUAREZ,26,14-021,"4383, 4384, 4385, 4386, 4387, 4388",4389,
0106000020E6100000010000000103000000010000001D00000022F8206DADC858C00C74BC3395603340591541E5B1C858C0270F81D2916033404B90CCE3BAC858C0AE3181F68C603340CD901EAFC0C858C0A0F517D589603340055CB11BC4C858C082C17DFB87603340050D9E5FCDC858C04DDE40FA8160334048ED4366D6C858C0B8F5863E7F60334077BBD176DFC858C09A5735BA7E603340CA4FB92EE8C858C06A7808928060334009D2740DF1C858C0AD251EA0846033401E082510F7C858C0624F4152876033405801A52CF8C858C072C7DBD18760334023AF9659F9C858C036D7C1C486603340B44D2A70FAC858C040F8A7CB85603340988449F1FAC858C04DCA295885603340E7C4A36CFBC858C0FC20E5E9846033409CBFE684FEC858C02BE5EF8D7F603340B121F74000C958C0D201B19A52603340B2D9A93B01C958C0CFE42F3A39603340398347F603C958C091F65582F25F334069460B73F2C858C08266CC06E45F334009EE2421E2C858C00A9C056BD75F3340234D39E2D6C858C0DB1E5D4ACE5F3340B44B1372CBC858C04D225032C55F33405DF54B44C0C858C0028F60BEBB5F3340BC37D21CBAC858C086214A66B65F3340F3D3DB78B6C858C00F5557B6FA5F33403F7FAAC2B2C858C0BBC5C5093A60334022F8206DADC858C00C74BC3395603340,MARIA DEL CARMEN,9,14,BENITO JUAREZ,26,14-022,4379,"4378, 4380",
0106000020E6100000010000000103000000010000001F00000048D39B9B3CCC58C0910CEC09375E3340030B3A8B3DCC58C075705667365E33406B4DA11439CC58C0DF5796C7165E334066A67EC836CC58C0D10705D0025E334001B311BC35CC58C02398FBF6F25D33407A08248135CC58C06A73537CEF5D3340D851E58535CC58C077886A3CEC5D33401AAED02835CC58C0C9481D7ADC5D33400C09DCFF35CC58C0F9FC2882BE5D3340C6F6918836CC58C03E066E1AAB5D334058D85C6D37CC58C0B3C2A1A08A5D33402D43CEE738CC58C00F7DA0DB645D33403943AEFF3BCC58C0B6C573D3155D33406034211C3ACC58C09A5F028F135D33408C42C12E38CC58C00AAB13B4105D3340FD77C4102CCC58C054482DB3025D334008C956CD1CCC58C011E0E64AF45C334093DEDF161CCC58C0AE3DAB9EF35C334076C6610119CC58C0CB5DD5DB595D3340C18D09F916CC58C044AAF83D9D5D3340497B02ED14CC58C06484BE38E15D33402EB1804D13CC58C0C6FE18351E5E3340ABF8E43617CC58C0374C8F18225E33406A45497B1ECC58C05CA447B5275E33402614081E23CC58C0750E42722A5E334062557CB730CC58C0A6C58C99305E33409D81B63035CC58C0D1AABA9F325E33409E3B22E539CC58C0A8524AF0355E3340D1782B2E3BCC58C01F4FB7AB365E3340ECE86EB63BCC58C0F4E2D7CE365E334048D39B9B3CCC58C0910CEC09375E3340,MERCED GOMEZ,9,14,BENITO JUAREZ,17,14-023,,4472,
0106000020E6100000010000000103000000010000001900000022E55C9762C958C05F9A520C0C643340EA24A97F65C958C076100EDAAF6333405AC8319D56C958C0FF32C8BFA7633340EB22E4664FC958C008151014A3633340EF6DC39D47C958C03B911FCB9E633340F1D20B1A40C958C0E96D9B549A6333404A11F05939C958C0BAFA63E295633340862C959B32C958C00990C7DE91633340A8118C752BC958C00594D7708E6333407B2CA41225C958C0ABC4529D8B6333409827798E1CC958C04D85CA0C8763334053C032FC19C958C084C46AF0C66333404325804719C958C05531DDAAD46333405DCB8B8918C958C0160AAB62E8633340EF909E6D27C958C0B7EFE715F16333407D92F22829C958C00FF836ACCF633340B6D050CB2FC958C002E2B255D36333403EE93FBD36C958C09EFF2CB7D66333405D1BAE5735C958C0DCF959E8F76333400A29E0453CC958C002CB3CDEFB633340C01F178543C958C0E86107D2FF633340D31A96DB4AC958C050AFDC05036433402D5DEFCA51C958C071B676A405643340069ADC5459C958C09421B7BF0864334022E55C9762C958C05F9A520C0C643340,MIGUEL ALEMAN,9,14,BENITO JUAREZ,17,14-024,,"4303, 4304",
0106000020E6100000010000000103000000010000001C00000085B8E72122C958C062D49E46F15C33404FA7FFE224C958C09022064BB25C334021BC316526C958C0C08CAFCB8F5C3340110EA62A29C958C03B74126C505C334062CBA35C23C958C0443853AD2F5C334013AD806B1EC958C0778FC01D275C3340B096A21C1DC958C0B4A6C8EC235C3340B65E8B691CC958C09EDCED37225C3340FE849EA01BC958C0A24AC34D205C334099352C311BC958C0783DE23D1F5C334001AF569715C958C01479BF071D5C3340D5E2FFB90EC958C0C50CE4351A5C3340C4678C0F0DC958C00E03B066195C33405784799A07C958C087310D5C175C334077FF77D301C958C096154C0E155C3340768D0D7900C958C0E1546989145C3340BB1511DEF8C858C0870A1393115C3340949EC9A7EFC858C01AED20A00D5C33400E834697EEC858C07E6C4E2B0D5C334008FCC226EBC858C03FEC98024B5C33408F31A6FAE8C858C00F465DFC745C3340F79F2186E6C858C02AA13898A05C3340D8A8910FE4C858C06BFD4C58CC5C334087E45B8AF9C858C0263E76B4D85C3340326C538B04C958C08246AC5DDF5C3340C247AF280DC958C01E0CA094E45C334002643C1216C958C01C8EABF9E95C334085B8E72122C958C062D49E46F15C3340,MIRAVALLE,9,14,BENITO JUAREZ,26,14-025,4482,,
0106000020E610000001000000010300000001000000420000008A952E4C43CC58C09ABC987DC56033405D4A925543CC58C00CDF480AAB603340122EF51F46CC58C00F87E5655A603340AAF6232D46CC58C0990CF0E8586033404072362747CC58C00D3E42AE3C603340ADEC655648CC58C0AA9303931260334081F5179C4ACC58C0C07BEA15CF5F3340DDE6DD4D4BCC58C083579AA7B55F3340A24911C94BCC58C0746BD469A65F33402C1454044CCC58C06718D1D7965F33404AE82EB44BCC58C086DF2C2C8B5F33403CEC35724BCC58C0558F8F3F875F33409F2C358C4ACC58C04FE1854B7C5F3340C81A241F48CC58C0CBEE1674645F3340BB36697945CC58C03718DB024E5F33404474812845CC58C0281DC62D485F3340C65B1A0244CC58C06F7BA6F4325F33400F6D2C1F44CC58C015E660BD175F3340909DD24845CC58C010CB14FDEE5E33409DD58E0646CC58C0AE2A0014D35E3340E6CF4AC446CC58C0696AEB2AB75E334054C8FEFF46CC58C0A247A8A5955E3340398BF9D446CC58C0F006FC04935E33409CF0008945CC58C07F183CBE7E5E3340B4A583CD44CC58C0AB4A345E735E3340C2F1356040CC58C0B7546FCB495E3340030B3A8B3DCC58C075705667365E334048D39B9B3CCC58C0910CEC09375E3340ECE86EB63BCC58C0F4E2D7CE365E3340D1782B2E3BCC58C01F4FB7AB365E33409E3B22E539CC58C0A8524AF0355E33409D81B63035CC58C0D1AABA9F325E334062557CB730CC58C0A6C58C99305E33402614081E23CC58C0750E42722A5E33406A45497B1ECC58C05CA447B5275E3340ABF8E43617CC58C0374C8F18225E33402EB1804D13CC58C0C6FE18351E5E3340C556B19A11CC58C03304A08F5E5E33406C3499A610CC58C03E3F09B0825E33400AB021400FCC58C0967D3FB8AD5E33405F1594B80DCC58C0399E26B9DC5E334032ADEC1B0DCC58C0828B4987EF5E33407E5AECEC0ACC58C09F0FD6A1325F334062F66EA609CC58C0EC1907D3595F3340F0AD42ED08CC58C0EEC14BFE645F334034992BCA08CC58C00D7E1B126A5F3340CEE1013908CC58C0086A3A137F5F33402478976806CC58C09E95F545C25F3340B03F24F105CC58C065448E8ED35F33404E87F55705CC58C0B6A3A0B8E95F33401411BFF104CC58C0CCEFB382F85F3340A6663C3004CC58C0EA58FC1612603340209DE10703CC58C06664664339603340769E3CA802CC58C021D1DCE7456033409B5D28F801CC58C095AB162E5D6033404A7B0BC312CC58C0CE790137726033406E29626B22CC58C0E8C2DDD385603340D853E72D20CC58C0468EC33E9C603340112883C034CC58C0BE8CE20FB860334029647FC43FCC58C024B6CF81C2603340D844D81940CC58C0FCC8B1D1C2603340CEF067C340CC58C068642B64C3603340E92FAB1E41CC58C027C480AEC36033405D0DC9AD41CC58C003AB8E1AC46033407488E55142CC58C0E4CE8896C46033408A952E4C43CC58C09ABC987DC5603340,MIXCOAC,9,14,BENITO JUAREZ,17,14-026,"4455, 4456, 4471",4472,
0106000020E6100000010000000103000000010000002D0000000E31EA54C8C858C0F7AEA2BC0B66334079727DBDC8C858C0E7E027A602663340E235147BCCC858C0B611F930A5653340D8457CACD0C858C0484A9D6D3C6533401A022EA0D1C858C0541A42CA23653340364DFC5AD4C858C0AB4E6E23DD643340E7902837D8C858C0FC23A06172643340CE185163D8C858C0F58F549C6D643340004ACB91D9C858C0C7D1A0EE4C6433406DBDB7C2CEC858C0180E7BC4476433405984704FC5C858C0047B614B436433405AF1620CBCC858C01195B6E43F643340E6C69F31B3C858C0DE761EEB3C643340FFE8A658A9C858C0C7CB3BEE386433402CCAC923A8C858C036992771386433407AFB95FBA6C858C08EDBDA0338643340F85F25019FC858C057D8D42035643340BCBAAF5A96C858C0AFEEE7EA31643340AFD44FF78DC858C0AF0C1CA62E643340C9C63E4E85C858C0B7FE7B2A2B6433401EED01C27CC858C0AFF738B02764334028265BB97AC858C0CF5A6AE826643340B67ABB8175C858C07B8551877E64334061BDC66A74C858C0E73DFCD794643340E0B3E70E74C858C0091463319C64334099BE6D4A72C858C01C918B64BB643340678A795D6EC858C05C5E1702036533407323D6436AC858C037B0219C4765334024AB1DC768C858C01ACD08BA63653340C77B7D3D65C858C07A2128A286653340651677AF62C858C0DC33036B9C653340578F863462C858C06D31C672CE6533408C76D1D961C858C0CC017504186633409ACB34206CC858C0683D11061966334029B67CBD71C858C0817DE601196633406569715A7AC858C0E2E4F8BE1A66334097B4C7EE82C858C0EB685C5E1C6633407B517EF58BC858C0F258784A1D663340215549E794C858C0E8CD7D481E663340BAF8766D9FC858C0B8C8D66220663340E2A405C1A8C858C0A9CBE23F226633401A849414B2C858C06725E71C2466334008059037BAC858C032160BBD2566334044B3360CC7C858C00F32354D286633400E31EA54C8C858C0F7AEA2BC0B663340,MODERNA,9,14,BENITO JUAREZ,17,14-027,"4430, 4431, 4432, 4433, 4434",4435,
0106000020E6100000010000000103000000010000002E0000001DA42EC7C0C958C08CC9A7A5E36333407A40B2BDBDC958C003FAC9FAE16333402FED2A82B2C958C0A80EFFCFDB633340182996FFAFC958C040432F6FDA633340E7F044CDA5C958C01BD7F4D5D463334076D86A319BC958C04A53BE02CF633340D763586793C958C0BD4ECABBCA6333405EB9BCF78FC958C0AD4ACED8C8633340A4EA585485C958C087376401C363334065E8D77E77C958C0433A65AEBA633340FB5C18ED6FC958C09F866720B6633340EA24A97F65C958C076100EDAAF633340A361A9FE66C958C0B9C5ADAD82633340D2097AD467C958C0C7AE731C69633340CC33E0C468C958C07FFC75254D6333400F1E86126AC958C0991220CF1F63334097C789C56AC958C0DBA0FF260B633340B272B01C6BC958C0AE3A2226FB6233404025BD8E6CC958C0C06B0FA9C66233401A9FD52C70C958C06D86439E4D623340E6BF12968AC958C0CB295C145E623340DB297E9098C958C03CD803AB636233405567D815A3C958C0B631C6DF6762334058FE3295ACC958C065D1C1AB6B62334048A0367BB5C958C0A570527A6E6233409A51EBDABEC958C0EE7197AE716233402330C9FCC0C958C03656835F726233408C7ED37BCBC958C0DDA0905E7662334072B9E0E8D5C958C0298BBF257A62334031DA55D4DFC958C017F60AA07D623340250674C7EAC958C0860C358B81623340F9DB25D3F4C958C05BD3D64C856233402401EE6DE7C958C07B5618BDE46233400636C233E1C958C03BDCD54A116333404F179B52DAC958C040B7116E0B633340D312030CD0C958C0E42260AC02633340756E6DD0C5C958C0061606F4F9623340047B149FBBC958C0270A5A44F1623340777CA344B9C958C0FC58F442EF623340D88EF5BAB2C958C0C15B82797C6333400B924E49B5C958C09708071D7E633340E1932FC4BFC958C022AC535F8463334074D1355FCAC958C080BE8BFF89633340EC7F20DCCEC958C0E2BDFD608C6333402F82128EC9C958C078D63B16AC6333401DA42EC7C0C958C08CC9A7A5E3633340,NARVARTE VI,9,14,BENITO JUAREZ,17,14-065,"4315, 4320, 4326, 4330, 4331, 4325",,
0106000020E6100000010000000103000000010000005F000000B095CE71E9CA58C04D4AAD65586633407839C70CEACA58C074357FAB576633409372B6BCEACA58C076C021D856663340431FF54DEBCA58C0C6FFA229566633403A8569B3ECCA58C0B2A18E325466334028356420EDCA58C000252E9953663340675FE137FCCA58C02505AC5B3E663340AB073EB104CB58C04BCBEA30336633406E0D7F5710CB58C0C7DE6FB225663340B5A5FEA435CB58C072DD7189F8653340409335B538CB58C07B116FAAF3653340AFD803593ACB58C096643400F26533401E2CBCF93BCB58C00E960530F2653340553546B43DCB58C053C6A441F365334041FD1C0541CB58C0604F2E60F8653340C623184244CB58C0A73AF125FD65334009E9E1C746CB58C0B91932AA0166334048F78E304ACB58C03C2FBF9907663340CE780D7949CB58C070147DD102663340FF45033349CB58C09100A611FF6533400BB4795549CB58C0F62D5DDCF86533408BA7A0E049CB58C0AE4BE3E8F265334063E19C4E4BCB58C0934F119AED653340A9E9BC1A4DCB58C08F193C94EB653340A2EE31E35ECB58C00DB90426DE65334042181F4A60CB58C085361007DD653340CF8BA46F60CB58C0E457C208D16533400247279C5FCB58C0A483A659B86533405B5E2A006CCB58C04DEF6CA3AC653340F7416E6577CB58C09B473305A3653340922EDBA67ACB58C022E17E579B653340C41847C57ECB58C058E626648965334082DE7F1881CB58C0332B1BCA77653340CD8DB13384CB58C0E240C51A5B65334012A281748ACB58C06DDDA0592265334079153A918ACB58C093F9E937156533402F5D1AFD8ACB58C01AAD519F116533405782C4248BCB58C02B5DBC4C10653340AA78768A8BCB58C0A7B4FAE80C6533409BBD67C08CCB58C0B475C63F09653340425B30398ECB58C0DDE02772FB643340323846CE92CB58C07FB53957CB643340799C5B0592CB58C09A718014E9643340A015C20593CB58C0E3EE189EEA64334022343D3B94CB58C0D72615CADB643340B2BCA77F96CB58C0B7A083D2B56433401398C9F197CB58C02850D9659A6433407A82821699CB58C041920DC08364334005C88DA399CB58C05A40E8026E643340068FA06499CB58C0CABFDB6A356433400B1ECA0199CB58C09C335F86DC6333408DEB67F798CB58C025B358CCB7633340E7DC303399CB58C0482C916FA5633340D4AF58AC99CB58C011B3651B976333409859426B9ACB58C0FF15017C856333401C90804D9FCB58C0E9F5E32623633340F2E09F029ECB58C078CF925221633340A32386AD9DCB58C029B283B6206333406F0B50599DCB58C0DCE1721F206333404484D90B9DCB58C01E39A4621F63334088588BC09CCB58C0A21157651E63334066CD99699CCB58C06BC7B3201D63334049FCB0219CCB58C0460788E01B633340916F09E29BCB58C026BA6DA61A6333407CCE699F9BCB58C0F9EBA54019633340BC05AD529BCB58C0F74BE27317633340D39A81189BCB58C0232293D515633340074FFF7A9ACB58C0C36A158E106333400188E5CE99CB58C096F357B708633340B8E8721197CB58C0C12172EEEC623340E416C71495CB58C039EBFAA9EF6233402906DD7A95CB58C094D053F5F3623340BEFCC3729ACB58C0D9BAAABC27633340DAA0A7219BCB58C02522DC5A2E633340D20030309BCB58C083A5EE8636633340B09D3FCD90CB58C05A08A2AE4463334061DD4A4C7BCB58C07051B7C962633340D61197A573CB58C0E1FDF9856D633340D23D68136BCB58C0332B9C8C796333407524388162CB58C03DE83793856333406EE21B4148CB58C03EF7D467AA6333405EA9D89046CB58C03B994FC6AC6333402FE173B630CB58C02F70526FCB6333406574482F1ECB58C0E379BF6DE563334029B46CCB1ACB58C0DA57077FE8633340B7502AEA18CB58C03C3358B7FD6333404D1AA17615CB58C0765B7FEF2264334026180B2913CB58C090CC45113E643340081CA82711CB58C0DCBECF20576433409BDB843C0DCB58C069603482886433407490B16006CB58C0EFDD3EFBDD643340997497A0FBCA58C0997DAF3D66653340A170BBD7F5CA58C01A05A9F3B065334063CA7379EFCA58C0D77B1472FC653340B095CE71E9CA58C04D4AAD6558663340,NAPOLES,9,14,BENITO JUAREZ,17,14-028,"4408, 4409, 4410, 4411, 4415, 4416, 4417, 4418",,
0106000020E6100000010000000103000000010000004100000029B46CCB1ACB58C0DA57077FE86333406574482F1ECB58C0E379BF6DE56333402FE173B630CB58C02F70526FCB6333405EA9D89046CB58C03B994FC6AC6333406EE21B4148CB58C03EF7D467AA6333407524388162CB58C03DE8379385633340D23D68136BCB58C0332B9C8C79633340D61197A573CB58C0E1FDF9856D63334061DD4A4C7BCB58C07051B7C962633340B09D3FCD90CB58C05A08A2AE44633340D20030309BCB58C083A5EE8636633340DAA0A7219BCB58C02522DC5A2E633340BEFCC3729ACB58C0D9BAAABC276333402906DD7A95CB58C094D053F5F3623340E416C71495CB58C039EBFAA9EF623340B8E8721197CB58C0C12172EEEC6233400188E5CE99CB58C096F357B708633340074FFF7A9ACB58C0C36A158E10633340D39A81189BCB58C0232293D515633340BC05AD529BCB58C0F74BE273176333407CCE699F9BCB58C0F9EBA54019633340916F09E29BCB58C026BA6DA61A63334049FCB0219CCB58C0460788E01B63334066CD99699CCB58C06BC7B3201D63334088588BC09CCB58C0A21157651E6333404484D90B9DCB58C01E39A4621F6333406F0B50599DCB58C0DCE1721F20633340A32386AD9DCB58C029B283B620633340F2E09F029ECB58C078CF9252216333401C90804D9FCB58C0E9F5E32623633340CB4E7072A0CB58C0FAD127B70F63334076B2429DA1CB58C07C65E1F800633340B92AC9C2A2CB58C0025916DAF5623340199D0DBBA4CB58C09DDBC0DBE662334060E835B2A7CB58C0F9B6001FD06233405895FE51A9CB58C085D7F950C6623340DB0F7571ABCB58C036B7E2EEBB623340EE7C5A87AECB58C0E974B26DAF6233409FE859A2B2CB58C0EEB55714A66233405B01A472B7CB58C0E89DE9529E623340DC9D8E69B0CB58C0D861D1FA9D62334073134575ADCB58C029DD37AB9D623340D57983E5A4CB58C0B01102B89D623340C1B394D4A1CB58C080DE7C949D62334053AF3BD092CB58C0C25E2FA09D623340E42A1B518FCB58C023B68EEB9E623340E3BE109088CB58C0F1CC87F0A2623340B3B6AA3484CB58C0F6F175FBA5623340FC9A735677CB58C07EC3F06FAE623340C34B883C6FCB58C099A13DD8B3623340384783B86ACB58C030C8D9DBB66233408C9E6B4862CB58C0A26EA17DBC623340751976235FCB58C07755E796BE623340F7F42D7959CB58C0556536C5C1623340BD8C7C9C4FCB58C01CF8C14EC76233404BBDE18543CB58C02AD79317CE623340E33DCC3B34CB58C06C79C2ADD662334062E43BB030CB58C05BD149ABD8623340DE4139F725CB58C0F5E2218461633340303878F024CB58C0C5E8729D6E633340F91451D721CB58C021854FCE8E633340558073DD1FCB58C03E1A7937A96333405AE4DB121ECB58C0BF87A470C0633340A3B70FAF1BCB58C04588E269DF63334029B46CCB1ACB58C0DA57077FE8633340,NAPOLES (AMPL),9,14,BENITO JUAREZ,17,14-006,"4423, 4424, 4425",,
0106000020E610000001000000010300000001000000380000001014A7294AC958C0C7BCF84B046733404FA7855F4AC958C0A2D074D6FD66334047C923834AC958C08B1F2991F9663340B362D4E84CC958C0EFDBA3FBAF6633405151FEFE4FC958C0E39AC03C516633409D1AF3B652C958C0AC942913F6653340D61F19E35FC958C0FEC50EEBF6653340B1403F0F6DC958C01FB1E4C2F7653340E7407FAB78C958C0A0DB2688F86533401AF7088A7BC958C01E2A14B0F86533408F5E521385C958C0F1D06F12F9653340EDB91FCB8FC958C079120281F965334076B986179BC958C086777EF5F96533401F0B44A0A5C958C059B0CE3EFA653340D599B613A9C958C03BD1C856FA6533401D393D64B3C958C055678D9EFA653340E3CD9037B8C958C0210D8F7CFA653340A9B504F5BBC958C0DA5A2962FA653340C676B1F6BDC958C05ECA0254FA6533404DAAFF16C9C958C0CF638505FA65334094D75A83D3C958C02D8FF3BBF9653340F6C8DE13E0C958C0DD7FE03FFA653340DFF76FB1EBC958C09B6D53F0FA65334059415020F9C958C039C2268FFB653340E27790E006CA58C0B473ABBFFE65334060263B1012CA58C025DC845201663340B9E60B881DCA58C022CB3100046633401015A86528CA58C05CBE176B06663340EB85EDA833CA58C05988C34E0A66334068AB614D3FCA58C00353FA400E663340941D090A4ACA58C009CB86DD0F6633404525860A48CA58C09455969F84663340B207680E47CA58C006166D3BBB66334049D69ECD3BCA58C0B4ABD037C0663340C8508EF12FCA58C0307BF478C5663340BEB503F624CA58C0D81D6C0AC866334041DB139119CA58C06EE77DB4CA663340B25A2B130ECA58C054C3E6F1CD663340460C1FB802CA58C079177025D16633405A1639EFF4C958C002DE3808D5663340F116F381E7C958C07C671DB7D8663340CC350B6CDCC958C0AE0303BBDB6633402DC76383DCC958C05D57C92EE2663340FDCF9F88DCC958C0C545D87AE9663340023AF5F7CEC958C071246163EC6633406DB54BA1C3C958C07659D8C1EE663340659DB326B9C958C012ED16AAF06633403450B177AEC958C045AFD59BF2663340565D9E80A3C958C00E1DB89CF46633403C5CD6D6A0C958C0CE278037F5663340B837817B97C958C0F0164857F76633402C3025E586C958C054D7331BFB663340E54CBF3E75C958C0F5DCF703FF66334088619F1368C958C0025245DAFF6633403980E2D65AC958C0BEB0A724026733401014A7294AC958C0C7BCF84B04673340,NARVARTE I,9,14,BENITO JUAREZ,17,14-060,"4276, 4277, 4278, 4279, 4280, 4281","4271 4273, 4275, 4282",
0106000020E61000000100000001030000000100000038000000941D090A4ACA58C009CB86DD0F66334068AB614D3FCA58C01F53FA400E663340EB85EDA833CA58C05988C34E0A6633401015A86528CA58C05CBE176B06663340B9E60B881DCA58C022CB31000466334060263B1012CA58C025DC845201663340E27790E006CA58C0B473ABBFFE65334059415020F9C958C039C2268FFB653340DFF76FB1EBC958C09B6D53F0FA653340F6C8DE13E0C958C0DD7FE03FFA65334094D75A83D3C958C02D8FF3BBF96533404DAAFF16C9C958C0CF638505FA653340C676B1F6BDC958C05ECA0254FA653340A9B504F5BBC958C0DA5A2962FA653340E3CD9037B8C958C0210D8F7CFA6533401D393D64B3C958C055678D9EFA653340D599B613A9C958C03BD1C856FA6533401F0B44A0A5C958C059B0CE3EFA65334076B986179BC958C086777EF5F9653340EDB91FCB8FC958C079120281F96533408F5E521385C958C0F1D06F12F96533401AF7088A7BC958C01E2A14B0F8653340E7407FAB78C958C0A0DB2688F8653340B1403F0F6DC958C01FB1E4C2F7653340D61F19E35FC958C0FEC50EEBF66533409D1AF3B652C958C0AC942913F66533403F13C22453C958C01BFF83F5E8653340F1C6E23256C958C0F45402AA896533404B64333A58C958C089C64B824D65334063E26A5859C958C0077445522B6533403343A4A164C958C0E5AA2BF32E65334078EAEBDB70C958C0303085E1326533402821CF4C7CC958C0981D1BE237653340533AA0077FC958C0287FB68D39653340CA2C6A8C88C958C0DBC17A323D6533403F8E198A93C958C0D49A1B3F3F6533403EFEB51A9FC958C068941A094265334085B4BDB3A9C958C0875F8F59446533403D12DC3AACC958C0269F8927456533408B2FEEC1B6C958C0D97799674865334069B30617C1C958C0A258ED324B653340CC724CC4CBC958C0EF5652D34E653340F7066D77D6C958C066E9F8B1506533408E6CAF87E3C958C03A8A9486546533409E2FD58AEFC958C022E80711586533403511EEA2FCC958C0BD1C073A5C6533405804749305CA58C01ACF57A05D6533404C5E591B0ACA58C01B7E13565E6533409216C52215CA58C0237AF16F616533403320AEA620CA58C09B620BA664653340D1F5F2FD2BCA58C05408E4D267653340C5823DE636CA58C028730E8D6A653340BC08CD7842CA58C0E7E63C766E6533406150CB8D4DCA58C009A8601272653340AB73BB3F4ACA58C005D61B7306663340941D090A4ACA58C009CB86DD0F663340,NARVARTE II,9,14,BENITO JUAREZ,17,14-061,"4290, 4291, 4292, 4293, 4294, 4333",,
0106000020E610000001000000010300000001000000230000006150CB8D4DCA58C009A8601272653340BC08CD7842CA58C0CAE63C766E653340C5823DE636CA58C028730E8D6A653340D1F5F2FD2BCA58C05408E4D2676533403320AEA620CA58C09B620BA6646533409216C52215CA58C0237AF16F616533404C5E591B0ACA58C01B7E13565E6533405804749305CA58C01ACF57A05D6533403511EEA2FCC958C0BD1C073A5C6533408EC5851FFDC958C044C9C3993A653340E2021439FDC958C07D9D72B933653340071B3B80FEC958C0213865B2DB643340DE97BFE102CA58C005BABD430A6433401BAB49DB05CA58C084EC60C7AF633340FBC21EF209CA58C0B87D656433633340FBB73DC617CA58C08D32815240633340DF670AD322CA58C0E70FB1A54A63334010CD9F0A24CA58C026E3D3C84B63334002202CD924CA58C0634DF3824C633340CE05A7DE2FCA58C039156471566333407F44C5003BCA58C042658C7960633340E4E35FB13CCA58C041DA5CFF616333403B73720048CA58C065BB0C306C6333403F6BA76B50CA58C0B54A00C673633340F645855E57CA58C00FDD57087A633340284CECF15FCA58C068F9F2C28163334018A7A1ED5BCA58C00AA305B8C26333407FFC649859CA58C0FF8A2D72E86333409C06526257CA58C03F9D0B600C6433402284FD5154CA58C07B14B42A3E643340D126D5984FCA58C069A5671C8C6433408887204C50CA58C0081CBB269664334024B09CE150CA58C04ECB95859E643340E60FDD9D4FCA58C0FDA9092CE46433406150CB8D4DCA58C009A8601272653340,NARVARTE III,9,14,BENITO JUAREZ,17,14-062,"4309, 4310, 4311, 4312, 4313, 4295",,
0106000020E6100000010000000103000000010000002B0000003511EEA2FCC958C0BD1C073A5C6533409E2FD58AEFC958C022E80711586533408E6CAF87E3C958C03A8A948654653340F7066D77D6C958C066E9F8B150653340CC724CC4CBC958C0EF5652D34E65334069B30617C1C958C0A258ED324B6533408B2FEEC1B6C958C0D9779967486533403D12DC3AACC958C0269F89274565334085B4BDB3A9C958C0875F8F59446533403EFEB51A9FC958C068941A09426533403F8E198A93C958C0D49A1B3F3F653340CA2C6A8C88C958C0DBC17A323D653340533AA0077FC958C0287FB68D396533402821CF4C7CC958C0981D1BE23765334078EAEBDB70C958C0303085E1326533403343A4A164C958C0E5AA2BF32E65334063E26A5859C958C0077445522B653340DC95198F5BC958C0A720B78EE76433403A6E8DF85EC958C0BF419F147F64334022E55C9762C958C05F9A520C0C643340EA24A97F65C958C076100EDAAF633340FB5C18ED6FC958C09F866720B663334065E8D77E77C958C0433A65AEBA633340A4EA585485C958C087376401C36333405EB9BCF78FC958C0AD4ACED8C8633340D763586793C958C0BD4ECABBCA63334076D86A319BC958C04A53BE02CF633340E7F044CDA5C958C01BD7F4D5D4633340182996FFAFC958C040432F6FDA6333402FED2A82B2C958C0A80EFFCFDB6333407A40B2BDBDC958C003FAC9FAE16333401DA42EC7C0C958C08CC9A7A5E36333401CB06A75C3C958C0AE6ECE4AE56333403868F525C8C958C0468C962BE8633340DD0B1FAFD2C958C0490CD4A2EE633340D15A6292DDC958C037105251F5633340D042DA08EAC958C0BA6365A2FC63334093BB3CFDF5C958C0065F963103643340DE97BFE102CA58C005BABD430A643340071B3B80FEC958C0213865B2DB643340E2021439FDC958C0619D72B9336533408EC5851FFDC958C044C9C3993A6533403511EEA2FCC958C0BD1C073A5C653340,NARVARTE IV,9,14,BENITO JUAREZ,17,14-063,"4296, 4297, 4298, 4305, 4306, 4307, 4308",,
0106000020E61000000100000001030000000100000040000000DE97BFE102CA58C005BABD430A64334093BB3CFDF5C958C0065F963103643340D042DA08EAC958C0BA6365A2FC633340D15A6292DDC958C037105251F5633340DD0B1FAFD2C958C0490CD4A2EE6333403868F525C8C958C02A8C962BE86333401CB06A75C3C958C0AE6ECE4AE56333401DA42EC7C0C958C08CC9A7A5E36333402F82128EC9C958C078D63B16AC633340EC7F20DCCEC958C0E2BDFD608C63334074D1355FCAC958C080BE8BFF89633340E1932FC4BFC958C022AC535F846333400B924E49B5C958C09708071D7E633340D88EF5BAB2C958C0C15B82797C633340777CA344B9C958C0FC58F442EF623340047B149FBBC958C0270A5A44F1623340756E6DD0C5C958C0061606F4F9623340D312030CD0C958C0E42260AC026333404F179B52DAC958C040B7116E0B6333400636C233E1C958C03BDCD54A116333402401EE6DE7C958C07B5618BDE4623340F9DB25D3F4C958C05BD3D64C85623340F40DA79DF7C958C0CB95E4137262334082A4E2250ACA58C06CAF338CF26133405C54017719CA58C0643B930488613340BB6D823624CA58C0E20F53433D613340042FF82627CA58C06F09D7E9286133400414A88927CA58C068DA9D3E2661334026FE4DF028CA58C02C2C8E8B1C61334032E5090E2ACA58C0869BF8FB25613340340B9A642BCA58C0B965542E2C613340031BBB492DCA58C052C51B3C32613340A6B8048732CA58C08CAA7F083F61334007A629FF36CA58C0557F27AF796133402BC156E239CA58C096EA4052A5613340DA7EBC7B3BCA58C052DD6F7DBD613340A57BFA893CCA58C095022D65CC6133403D83363F43CA58C016D738CB26623340E3A38CBC49CA58C07F39B7A378623340C1C5565F4ACA58C0E42007F785623340640670A24CCA58C01520BB72AB6233400CAC3DE24FCA58C09670472DD5623340804B134A51CA58C0DED3C84CEE6233402F69F42755CA58C06A78AA1F2363334066E7422758CA58C07AC651C6376333400C0C2B855ACA58C07C818F644663334023DC30C65CCA58C0B2489D3052633340AA5AB2965ECA58C048F5C48B5B6333407AE69D6F60CA58C0A5157B1962633340B5CF9EA161CA58C0D4E1AB7D66633340284CECF15FCA58C068F9F2C281633340F645855E57CA58C00FDD57087A6333403F6BA76B50CA58C0B54A00C6736333403B73720048CA58C065BB0C306C633340E4E35FB13CCA58C041DA5CFF616333407F44C5003BCA58C042658C7960633340CE05A7DE2FCA58C0391564715663334002202CD924CA58C0634DF3824C63334010CD9F0A24CA58C026E3D3C84B633340DF670AD322CA58C0E70FB1A54A633340FBB73DC617CA58C08D32815240633340FBC21EF209CA58C0B87D6564336333401BAB49DB05CA58C084EC60C7AF633340DE97BFE102CA58C005BABD430A643340,NARVARTE V,9,14,BENITO JUAREZ,17,14-064,"4314,4321, 4322, 4323, 4324, 4332",,
0106000020E61000000100000001030000000100000035000000C32B8EA3E6C858C0B14E2402EF62334077E371A3E9C858C0FB4ABEF09F623340F056C550EBC858C03CF3FE0174623340A87FDAE2ECC858C07EEB3AFF4A623340CA1E11E2EFC858C0F0E253BEFC613340CA5BD7BDF1C858C01EED9BF8CB6133402229A871F3C858C0C6116D4B9F613340B915C802F4C858C0D67ADF6A90613340042752BFF6C858C06886409A486133407364A65FF8C858C05E65BDF81D61334084BF41E4F9C858C0553F6C02F8603340DBA5A23BFAC858C0250BC07EEF603340514E196FFBC858C03395FD88D160334007519C69FCC858C020B46413B96033400C8D8D67FDC858C0ABCF75FD9D6033400788BCE3FDC858C0011599BE906033409CBFE684FEC858C02BE5EF8D7F603340E7C4A36CFBC858C0FC20E5E984603340988449F1FAC858C04DCA295885603340B44D2A70FAC858C040F8A7CB8560334023AF9659F9C858C036D7C1C4866033405801A52CF8C858C072C7DBD1876033401E082510F7C858C0624F41528760334009D2740DF1C858C0AD251EA084603340CA4FB92EE8C858C06A7808928060334077BBD176DFC858C09A5735BA7E60334048ED4366D6C858C0B8F5863E7F603340050D9E5FCDC858C04DDE40FA81603340055CB11BC4C858C082C17DFB87603340CD901EAFC0C858C0A0F517D5896033404B90CCE3BAC858C0AE3181F68C603340591541E5B1C858C0270F81D29160334022F8206DADC858C00C74BC33956033405088E1FDAAC858C04987DCA4C6603340E20A862CA6C858C0D9B4D9F71D613340876CBA4BA1C858C046D5881676613340B7012D0A9FC858C0CFE5FE25A46133408B4A2FB89CC858C019764077D0613340FA7AF70A9BC858C06B23E344F36133407222DABD98C858C06D96DA6F1F623340E2E28FBC94C858C02383F6CF726233403123EB4E90C858C09B67825DC2623340A7437AEB97C858C0CE9CD8EEC5623340DF416F0F9FC858C0BDE2E65ECA623340C109C7B7A7C858C0BE9B4FABCE6233402EA9277FB0C858C091DAFA8FD4623340EE728AC6B2C858C026789A17D6623340D4191EAEB8C858C08941E9C8D86233400608C413C0C858C0A46C1D7CDC623340B9554D2DC9C858C0DD537C1AE16233405BC5E242D2C858C02B5D6379E5623340057E6181DBC858C043168FE4E9623340C32B8EA3E6C858C0B14E2402EF623340,NATIVITAS,9,14,BENITO JUAREZ,26,14-030,"4439, 4440, 4441, 4442, 4443, 4444",4378,
0106000020E6100000010000000103000000010000002C000000EA24A97F65C958C076100EDAAF633340A361A9FE66C958C0B9C5ADAD82633340D2097AD467C958C0C7AE731C69633340CC33E0C468C958C07FFC75254D6333400F1E86126AC958C0991220CF1F63334097C789C56AC958C0DBA0FF260B633340B272B01C6BC958C0AE3A2226FB6233404025BD8E6CC958C0C06B0FA9C66233401A9FD52C70C958C06D86439E4D6233400E262A5B64C958C0E086BC57466233408DC4415256C958C0773DF7B33D6233400E20A82E51C958C0595930A43A623340736391E249C958C02A3E3F4B36623340C5835D1947C958C0DE5B7E183562334023D608FE32C958C092389FA728623340838C8A2A2CC958C0E117FFD623623340D43E0CEA25C958C06671933C9E6233401DD7BB881BC958C08F8E4A8696623340DA4BB68D14C958C069BFA153916233408BD2888E0DC958C0D311DC1D8C623340D0FAE3A606C958C0585A923F87623340DD2FB816FEC858C0BB70A03881623340F056C550EBC858C03CF3FE017462334077E371A3E9C858C0FB4ABEF09F623340C32B8EA3E6C858C0B14E2402EF623340E776EF0FF9C858C0D2300B30FD62334046DB63C2FEC858C0E679327501633340E01E61D300C958C0233EA50103633340BFF698A907C958C035810D1F086333400A4140500EC958C0B2C1E4C90C633340EE8319B915C958C035FEFDFC116333408D6726851CC958C0B37E0AC2166333402E4C55BE20C958C070B0BBB8196333405532E6651EC958C05F39224E5B6333409827798E1CC958C04D85CA0C876333407B2CA41225C958C0ABC4529D8B633340A8118C752BC958C00594D7708E633340862C959B32C958C00990C7DE916333404A11F05939C958C0BAFA63E295633340F1D20B1A40C958C0E96D9B549A633340EF6DC39D47C958C03B911FCB9E633340EB22E4664FC958C008151014A36333405AC8319D56C958C0FF32C8BFA7633340EA24A97F65C958C076100EDAAF633340,NI√ëOS HEROES DE CHAPULTEPEC,9,14,BENITO JUAREZ,17,14-031,"4316, 4318, 4319, 4327, 4328","4329, 4359",
0106000020E6100000010000000103000000010000001F0000005668306C40CB58C00FF64D70176233406BDF114744CB58C0F09137A811623340E8A81D0F4ECB58C07C7EE7FC0062334087ED70A35FCB58C01D010823E6613340D068E47867CB58C07686ECDCDA6133404A461D7670CB58C06C3D21EDCD61334015D2A5DE71CB58C084C98FD9CA61334029C6CBBC75CB58C0D0A89F66C2613340BA2622AF78CB58C08F5543D6B46133401F47E4F87CCB58C071D6665FAB613340FE1EE4CB81CB58C0EE668945A0613340C3877BC38ACB58C04D6D35428D613340BB00B4A693CB58C0674EF1767A61334048DE177B9ECB58C0246EA9436461334066352B3CA2CB58C03ED1522C25613340FD2E6881A4CB58C0F90EDBEBF46033409C2F6EA9A5CB58C0CD6BC161E060334087745EF69CCB58C08922AE5EEC603340B180BC4492CB58C0B381221BFB603340120B654C89CB58C018AE34FA06613340244813367FCB58C055D1B55314613340E255FD0776CB58C0C450D57920613340BD0E59746CCB58C0AB6951262D61334010208E7562CB58C01C5B90603A613340C0B5975E5BCB58C0786A65C243613340EAB62E6D54CB58C09B3A83F24C6133403A49734C50CB58C0316EF86852613340D3CDD2B74ACB58C046C0079B96613340ACB6887247CB58C00C260DDFBD613340D01BD39644CB58C0D8237583E46133405668306C40CB58C00FF64D7017623340,NOCHE BUENA,9,14,BENITO JUAREZ,17,14-032,"4450, 4451",4449,
0106000020E6100000010000000103000000010000003F000000FABF0E2C14CC58C0F2A565AEA36233401231265418CC58C0587F66C3A26233407C334D2320CC58C09B5768DF9C623340A96AA38927CC58C0304701AA9562334056346F9F30CC58C0DE6522E68D6233401ABE841835CC58C0912B4D0B8A623340869C948335CC58C0C06FF7CC896233409418C74836CC58C012972E5A89623340712B948C37CC58C052D58DA088623340786256F537CC58C045F3BEE184623340B1CA083338CC58C0DCDC0FAD826233402E338BB738CC58C0475745FA7D6233407F66412B43CC58C0921455B61F623340D80482C244CC58C05133B6F40A623340C22A363F45CC58C04612C27FFC6133409D872D8745CC58C0CFD0C2FCB161334021B2F68D45CC58C0C4E584AFA461334043B65C9D45CC58C078BBC30F8461334085B8C9AF45CC58C0E6F90B065D6133404DD7AD9545CC58C00E3D4CD454613340C5EC2D9145CC58C0D42BC46A536133403E0E728845CC58C0808408AD50613340D5C9B82045CC58C03709321F306133400B31A89144CC58C002D657380361334021E0F2A243CC58C08C1464F2D56033408A952E4C43CC58C09ABC987DC56033407488E55142CC58C0E4CE8896C46033405D0DC9AD41CC58C003AB8E1AC4603340E92FAB1E41CC58C027C480AEC3603340CEF067C340CC58C068642B64C3603340D844D81940CC58C0FCC8B1D1C260334029647FC43FCC58C024B6CF81C2603340112883C034CC58C0BE8CE20FB8603340D853E72D20CC58C0468EC33E9C6033406E29626B22CC58C0E8C2DDD3856033404A7B0BC312CC58C0CE790137726033409B5D28F801CC58C095AB162E5D6033401B5E03BAFDCB58C08DD0D2B3DE603340B033C102FDCB58C0A3FE3E8EF4603340424FC471FCCB58C0CEDC58D8056133408405D746FBCB58C00AEEC27D29613340984CD91FFACB58C0D1E0F7AA4C61334058878AE3F7CB58C0539AAAE9906133401B0C0B44E7CB58C0115D8A098A613340A37FDF08E0CB58C0DDF2D70B87613340DD5CABD0D3CB58C0C11CE3FD8161334055E04741CDCB58C0463029BFC3613340FE35CBCEC6CB58C059A0865E046233402703C692C0CB58C0116CC0DB42623340283C9DCABFCB58C0941915B24A6233402F21CBC7B7CB58C04CF66DFD9A6233405B01A472B7CB58C0E89DE9529E6233405A6B033AC6CB58C038C5FFE79E623340CCC91E30C8CB58C0786D1ECA9E62334047768823CBCB58C079261FDF9E6233406EDEA9BBD0CB58C0A95FEE069F623340F9404EB0D5CB58C04A9F9BDE9F623340163E20AFE1CB58C07D14BF439D623340F630EB7BE7CB58C07EA6AB909B623340CF20933DF0CB58C0EC999B959B623340CF347D7A02CC58C0979C5925A06233401CD1EC2906CC58C0BADA051CA1623340FABF0E2C14CC58C0F2A565AEA3623340,NONOALCO,9,14,BENITO JUAREZ,17,14-033,"4446, 4447, 4448, 4454",,
0106000020E61000000100000001030000000100000018000000310675DB68C958C075E57691A0613340CBBB91D85DC958C01EEC0FB09D6133403C435AAB5BC958C01B5370359D6133409F9CE27053C958C079BBA8BE9F61334061DC79504EC958C0A1B030A39B6133408129774449C958C0AAC3EE8D976133405553C01B3FC958C0A9C4E9F78F6133403D7813CD3BC958C03B558FA58D6133404016ABE833C958C09BF50C8588613340E99214FB2DC958C02FFB1C58846133409B4FD1DD32C958C08959AB5DA16133400BEB61B23BC958C0D0FC0113DB613340A881A5A842C958C043F2938B076233409448341D46C958C084DAD9601D623340736391E249C958C02A3E3F4B366233400E20A82E51C958C0595930A43A6233408DC4415256C958C0773DF7B33D6233400E262A5B64C958C0E086BC57466233401A9FD52C70C958C06D86439E4D6233403176CD5077C958C0C48D9C1152623340A686C4AB7AC958C03F1EBEC8ED613340FE6B543D7EC958C0D34B43D8A56133403847C49C73C958C01C539FF6A2613340310675DB68C958C075E57691A0613340,PERIODISTA FRANCISCO ZARCO,9,14,BENITO JUAREZ,26,14-035,,"4357, 4358",
0106000020E6100000010000000103000000010000003E0000009E826B699EC958C0D06EB26E6F673340DB539E919EC958C0AACBEC0A6B6733408B49CAFF9EC958C01EAD7EBA616733401F9246A4A1C958C0596CE2B221673340565D9E80A3C958C00E1DB89CF46633403450B177AEC958C045AFD59BF2663340659DB326B9C958C012ED16AAF06633406DB54BA1C3C958C07659D8C1EE663340023AF5F7CEC958C071246163EC663340FDCF9F88DCC958C0C545D87AE96633402DC76383DCC958C05D57C92EE2663340CC350B6CDCC958C0AE0303BBDB663340F116F381E7C958C07C671DB7D86633405A1639EFF4C958C002DE3808D5663340460C1FB802CA58C079177025D1663340B25A2B130ECA58C054C3E6F1CD66334041DB139119CA58C06EE77DB4CA663340BEB503F624CA58C0D81D6C0AC8663340C8508EF12FCA58C0307BF478C566334049D69ECD3BCA58C0B4ABD037C0663340B207680E47CA58C006166D3BBB663340E36A150650CA58C0E3FEB08DB66633404776C8E160CA58C0C395F6C1AD663340614C682760CA58C0F27221D3B86633408ED5440F67CA58C0E0CDA83AB5663340D550FE6E68CA58C05D1E7FE2DE6633404A96AEB269CA58C0AED068BEED6633407D1FA0E669CA58C0E9B0B920F06633409E7946006ACA58C07230444EF1663340567839386ACA58C0764AC4DFF3663340AEC036AB6ACA58C053EE0EF6F8663340FA9F1FC462CA58C05863A70404673340BC8100B261CA58C01B0B8C6005673340DF1C935661CA58C0C64594D405673340D89507F860CA58C0F869914C0667334059DBDCA952CA58C0E7453F741867334001DEA8A245CA58C051216BFC27673340E995564645CA58C0D8417B6A286733400A273AD444CA58C0EA7A85F2286733403E58692542CA58C0555252252C6733400297CC9A41CA58C0940B92CA2C6733401279141641CA58C07D31CB682D6733407B82EEC240CA58C0CD90EBCB2D673340A095816140CA58C0813D11402E67334097FBA48E38CA58C0C03DCB93376733407EF8384E2FCA58C0426AC030426733407870CC7817CA58C0710B427D5E67334074BC1DB30ECA58C0E52BD3ED686733407DBBBF0607CA58C0931D42556E67334047571EC6FFC958C0EFC3F107706733407637C81EF5C958C0AC65552B706733409408B080F4C958C0343F622D70673340CDC1E7D8F3C958C0F8388F2F70673340E5FE71F5F1C958C05DEBD33570673340A077A04CF0C958C0F5A1FA3B7067334059051AD7EFC958C0323BAE3D706733403AF56C3AEFC958C02BE9F23F7067334035B35B3CC1C958C0441D0AEA7067334005333D42A0C958C09399D3826F6733406985F1B39FC958C03CC7C47C6F6733405C8578DF9EC958C02E13B9736F6733409E826B699EC958C0D06EB26E6F673340,PIEDAD NARVARTE,9,14,BENITO JUAREZ,17,14-036,"4272, 4274","4273, 4275, 4334",
0106000020E6100000010000000103000000010000003C0000003BDE72C716CA58C045055CE3BA5F33406AC69D5B0FCA58C04D8987BFB75F3340F69582EF02CA58C0A88FB767B25F33406E024100F8C958C012534D64AD5F3340CDCE9A90ECC958C0C2C0F925A85F3340AE0786B4E2C958C0EAD9A5A0A35F3340FCC196D5DFC958C022ACCC49A25F33401DDD3AADD8C958C02C0C6B819E5F33402C579A43CAC958C049BD25D5965F3340097DA6A2C7C958C0240BFDD2955F33403D2704FDC1C958C05B7567A8935F334078466EB6B9C958C09A25A37B905F33400504632EB2C958C0824DDF978D5F33402E0358A6AAC958C0AF7616B48A5F33400C71C39AA3C958C051C7DD07875F33403AC68B109DC958C01D27119F835F3340219C452890C958C01297001C7C5F33408BBAE45383C958C0B2CB4AFE705F334055B166107EC958C04B911A1B6C5F33400D972B3976C958C0AED24ED3645F33407BEB313D70C958C0EC9D1C945B5F33400335E2296AC958C0A34B2CB4505F3340DD96727F5DC958C01A8FEC0D3F5F3340D4AF6FBE50C958C0C7A6B3742F5F3340BAFC030944C958C0F2CB51FF1D5F334087BE6EC936C958C0823B2AA70D5F3340ACF387C62AC958C07A29E53FFF5E334058C6BEA825C958C0FDEB7722F85E3340B6F90D3B1EC958C073847A35EA5E33402DCF93631BC958C0E21DB71FE25E3340C302F74912C958C0C7E1DCB8C65E334024259A2D0FC958C0FA4F9992BF5E3340D8B479BF0FC958C0B33393C4B05E33403473533211C958C0BD1B3B218B5E33404A385BF112C958C0392ABE4F5F5E3340BE9E486614C958C0C0DAAED43A5E33406AD92B8714C958C01FED169D375E3340B105438917C958C04EDC776E395E33403ACD700425C958C000900894415E3340F4EA03F331C958C0F94746DD485E33408A181B3B3FC958C08B9F226B515E334087CC1E154CC958C0DF59BF6A595E334015DD008D59C958C080658CCC615E3340FF31437866C958C03E15C5D6695E334093814E6F73C958C059C643E8715E334010115B6680C958C0CDA6B3F9795E3340BA427B728DC958C04BFD9F6F835E334001EF9C7E9AC958C08F507DE58C5E33409232E0839CC958C0559BED1F8E5E33407E371A3FA7C958C0C7F4E9A5945E33404FCF805AB4C958C012578A9D9C5E3340460F6EADC3C958C06A0E11EEA55E33406643BC23D4C958C0316A9CEFAF5E334037FC2CFFE2C958C0C7B356F7B85E3340845FD35BE7C958C0F4F4078D635E3340E53FC980F0C958C0CECF4A416A5E3340FA766F93F3C958C0803303826C5E334061BF78D6FFC958C09CD2507F755E33408D74BAAA05CA58C0CDE72AE7CC5E33403BDE72C716CA58C045055CE3BA5F3340,PORTALES I,9,14,BENITO JUAREZ,26,14-066,"4484, 4485, 4486, 4487, 4491, 4492",,
0106000020E6100000010000000103000000010000003400000061BF78D6FFC958C09CD2507F755E3340FA766F93F3C958C0803303826C5E3340E53FC980F0C958C0CECF4A416A5E3340845FD35BE7C958C0F4F4078D635E334037FC2CFFE2C958C0C7B356F7B85E33406643BC23D4C958C0316A9CEFAF5E3340460F6EADC3C958C06A0E11EEA55E33404FCF805AB4C958C012578A9D9C5E33407E371A3FA7C958C0C7F4E9A5945E33409232E0839CC958C0559BED1F8E5E334001EF9C7E9AC958C08F507DE58C5E3340BA427B728DC958C04BFD9F6F835E334010115B6680C958C0CDA6B3F9795E334093814E6F73C958C059C643E8715E3340FF31437866C958C03E15C5D6695E334015DD008D59C958C080658CCC615E334087CC1E154CC958C0DF59BF6A595E33408A181B3B3FC958C08B9F226B515E3340F4EA03F331C958C0F94746DD485E33403ACD700425C958C000900894415E3340B105438917C958C04EDC776E395E33406AD92B8714C958C01FED169D375E3340FBC7C6A214C958C0196315EA345E334063A0E05D16C958C099D15A99095E3340FAF79D0318C958C0CA8DB8E7E15D33400CC6BCA219C958C0FBAB80D5BA5D334093AA275A1BC958C0BE16C579915D3340828DDE1A1DC958C032D70FB4695D3340C317FE981EC958C094A691C1455D33402F630AB31EC958C0AAD8264E435D33402713D08221C958C0ED41753B455D334079220B612FC958C0F2534A784D5D33401388ACB23CC958C0DE26CC16555D3340A5F9466249C958C07CE545085D5D334098F0F08D4FC958C0D661D0F0605D3340D4F173CC56C958C0EDB0D322685D33408979DE1F64C958C04E5FFD49705D3340F3AFB1EA6EC958C0F8ECB185785D3340120A27D370C958C0C7502C8B795D334029013BC97DC958C0476AF9D3815D33409C7B8F038BC958C03A1B7293895D3340AE3AADB397C958C0387F018F915D334054C265B8A4C958C00F3D329E995D3340FE1DD2BBB1C958C0D58C805AA15D3340CB389DF2BEC958C087E2EE36A95D33404E0BC858CEC958C051617DCCB25D3340A2DFC9C4DEC958C0DF21608FBC5D334022FD8118EEC958C046CDC0CAC65D3340190DA36DF3C958C0B22889E8C85D3340A7A8B9BCF6C958C0122FD1EDF65D334014C6B0A2F8C958C0209C8F54115E334061BF78D6FFC958C09CD2507F755E3340,PORTALES II,9,14,BENITO JUAREZ,26,14-067,"4520, 4521, 4490, 4497, 4498, 4499, 4500, 4501",,
0106000020E61000000100000001030000000100000039000000190DA36DF3C958C0B22889E8C85D334022FD8118EEC958C046CDC0CAC65D3340A2DFC9C4DEC958C0DF21608FBC5D33404E0BC858CEC958C051617DCCB25D3340CB389DF2BEC958C087E2EE36A95D3340FE1DD2BBB1C958C0D58C805AA15D334054C265B8A4C958C00F3D329E995D3340AE3AADB397C958C0387F018F915D33409C7B8F038BC958C03A1B7293895D334029013BC97DC958C0476AF9D3815D3340120A27D370C958C0C7502C8B795D3340F3AFB1EA6EC958C0F8ECB185785D33408979DE1F64C958C04E5FFD49705D3340D4F173CC56C958C0EDB0D322685D334098F0F08D4FC958C0D661D0F0605D3340A5F9466249C958C07CE545085D5D33401388ACB23CC958C0DE26CC16555D334079220B612FC958C0F2534A784D5D33402713D08221C958C0ED41753B455D33402F630AB31EC958C0AAD8264E435D3340704136E51EC958C03FEFB8913E5D3340AA5DF36620C958C0691992281A5D334085B8E72122C958C062D49E46F15C33404FA7FFE224C958C09022064BB25C334021BC316526C958C0C08CAFCB8F5C3340110EA62A29C958C03B74126C505C3340783236062CC958C09468BD74485C334035D2D31A2FC958C0A25F4EDD3F5C3340F77F2B2431C958C03A353B573B5C3340143D69D634C958C022D69536395C3340434467D339C958C07356C1E13B5C334051F46F413BC958C0BAC4B5423E5C33409B4D950A3CC958C08D4611E13F5C3340AF2FE0CF3CC958C0788D2A65425C33401C98F5753DC958C0AAC81C51455C3340B265C47B3EC958C029D70D99495C33408DC9408F3EC958C0F066B87E405C33406A695A7B3FC958C033E56E0C3F5C3340F9913E4A48C958C0700A36AC445C3340D8CFDE6E55C958C0F425059D485C3340834FF7F662C958C0D69023E34F5C3340506C8D0170C958C08EDEA8EF575C33404A746E267DC958C0E270580C605C33401CC2504B8AC958C08ACAF828685C3340287ADDA294C958C01AB7598C6E5C3340C778860897C958C0FF237B28705C3340D566BDC5A3C958C0DA30EF27785C33405D5276F9B0C958C0F11EBA71805C33406099FBCDBDC958C09A148A6C885C3340C844231BCBC958C026EC43B2905C3340B6488060DAC958C03EB099319A5C33407262F995DDC958C0BA6279309C5C334041348C43E5C958C0C7915122055D3340C1D37005E6C958C066C7459A0F5D3340BDD1F0D2EBC958C007ED64CE5F5D3340321FA1DDF2C958C079B11722C15D3340190DA36DF3C958C0B22889E8C85D3340,PORTALES III,9,14,BENITO JUAREZ,26,14-068,"4503, 4504, 4505, 4510, 4511, 4512",,
0106000020E6100000010000000103000000010000002B0000007262F995DDC958C0BA6279309C5C3340B6488060DAC958C03EB099319A5C3340C844231BCBC958C026EC43B2905C33406099FBCDBDC958C09A148A6C885C33405D5276F9B0C958C0F11EBA71805C3340D566BDC5A3C958C0DA30EF27785C3340C778860897C958C0FF237B28705C3340287ADDA294C958C01AB7598C6E5C33401CC2504B8AC958C08ACAF828685C33404A746E267DC958C0E270580C605C3340506C8D0170C958C08EDEA8EF575C3340834FF7F662C958C0D69023E34F5C3340D8CFDE6E55C958C0F425059D485C3340F9913E4A48C958C0700A36AC445C33406A695A7B3FC958C033E56E0C3F5C33408DC9408F3EC958C0F066B87E405C3340B265C47B3EC958C00DD70D99495C33401C98F5753DC958C0AAC81C51455C3340AF2FE0CF3CC958C0788D2A65425C33409B4D950A3CC958C08D4611E13F5C334051F46F413BC958C0BAC4B5423E5C3340434467D339C958C07356C1E13B5C3340143D69D634C958C022D69536395C3340F77F2B2431C958C03A353B573B5C334035D2D31A2FC958C0A25F4EDD3F5C3340783236062CC958C09468BD74485C3340110EA62A29C958C03B74126C505C33404553934A2EC958C0B628DD43F05B3340CC254E002FC958C09FD4F5F1E25B3340CD2AC05131C958C0D690BB72B75B3340B72E4E9C31C958C064C4CDFBB15B334052E16A8D33C958C04293108C8D5B334029DDD38334C958C0F31C707C7B5B3340818878D834C958C007583148755B33401A0DB69537C958C0B61705CF755B33407306576F5CC958C09FA81A4E7C5B3340D189FDC293C958C09C79643F855B3340DE8970A6CAC958C062F20223925B3340A4EFFE34CBC958C0D23BDF3A995B3340DE0158A9CBC958C0A2EE54A29F5B3340A995060ECCC958C0497BFB2CA55B33402BB5852AD8C958C0839783D34F5C33407262F995DDC958C0BA6279309C5C3340,PORTALES IV,9,14,BENITO JUAREZ,26,14-069,"4513, 4514, 4515, 4516, 4518",,
0106000020E610000001000000010300000001000000240000003473533211C958C0BD1B3B218B5E33404A385BF112C958C0392ABE4F5F5E3340BE9E486614C958C0C0DAAED43A5E33406AD92B8714C958C01FED169D375E3340FBC7C6A214C958C0196315EA345E334063A0E05D16C958C099D15A99095E3340FAF79D0318C958C0CA8DB8E7E15D33400CC6BCA219C958C0FBAB80D5BA5D334093AA275A1BC958C0BE16C579915D3340828DDE1A1DC958C032D70FB4695D3340C317FE981EC958C094A691C1455D33402F630AB31EC958C0AAD8264E435D3340704136E51EC958C03FEFB8913E5D3340AA5DF36620C958C0691992281A5D334085B8E72122C958C062D49E46F15C334002643C1216C958C01C8EABF9E95C3340C247AF280DC958C01E0CA094E45C3340326C538B04C958C08246AC5DDF5C334087E45B8AF9C858C0263E76B4D85C3340D8A8910FE4C858C06BFD4C58CC5C3340D79212E3E1C858C0B296BDF4F25C3340D90DB6C6DFC858C04CC38572185D3340DE5B6583DDC858C02FA2FF68425D3340676D3D66DBC858C09AC9B86D6A5D33406BFFC63FD9C858C033A6E0BF925D3340E68E7507D7C858C012B96299BA5D33405F8573F8D4C858C0B83446DBE05D33409E73E0E9D2C858C052E847CD045E33407E868F2CD0C858C036E01296355E334003BB75DECDC858C04F8CC1A7605E3340B90051F0E7C858C02E77BA12705E3340EA462B65F5C858C0D05B8376785E33405F1512A3FBC858C0140CB0F57C5E3340DEBB5D1A0CC958C00A5F30C8875E33408B5E1EB60CC958C01E3A8F2E885E33403473533211C958C0BD1B3B218B5E3340,PORTALES ORIENTE,9,14,BENITO JUAREZ,26,14-038,"4488, 4489, 4502",,
0106000020E6100000010000000103000000010000002E0000008E47ADB24AC958C0D442532B84643340B63A24E853C958C07C5F99DB816433403A6E8DF85EC958C0BF419F147F64334022E55C9762C958C05F9A520C0C643340069ADC5459C958C09421B7BF086433402D5DEFCA51C958C071B676A405643340D31A96DB4AC958C050AFDC0503643340C01F178543C958C0E86107D2FF6333400A29E0453CC958C002CB3CDEFB6333405D1BAE5735C958C0DCF959E8F76333403EE93FBD36C958C09EFF2CB7D6633340B6D050CB2FC958C002E2B255D36333407D92F22829C958C00FF836ACCF633340EF909E6D27C958C0B7EFE715F16333405DCB8B8918C958C0160AAB62E86333404325804719C958C05531DDAAD463334053C032FC19C958C084C46AF0C66333409827798E1CC958C04D85CA0C87633340B5E4A03413C958C050E7AABF81633340DBE7E15910C958C0AC9F62218063334002EFB29F08C958C0D1AEE0BF7B633340D4B5486502C958C0226FED3778633340575DEB85FCC858C0C4D595E374633340B087F4CDF9C858C051EFFF5873633340D6BEFD15F7C858C0126269CE71633340EA09A05FF4C858C0040AE21A70633340AB47FD06E2C858C0C51ED57367633340B86A8236E1C858C0E0054CD97D633340E50D61C3DFC858C0AAC5CBB7A563334019C6EB68DEC858C0B5A96941CA633340966365BEDCC858C0808E923CF7633340C98B9871DCC858C04FFBFB55FF633340001A80FADBC858C0A7E541E50B643340004ACB91D9C858C0C7D1A0EE4C6433409D31FED4EEC858C044DDC66B58643340FBA7010B00C958C0C43861B861643340188EF8F00CC958C0C91263B068643340E37568DF13C958C0112A116F6C643340A27C32BB1BC958C0BDCE1B76716433408AB5AC9F22C958C08669223575643340D924025829C958C073CD32AA78643340D5CBADEA2FC958C0DD05300A7C64334017BB4C2637C958C0E02FF02F80643340C4ADE55C3EC958C0016ADE29846433402E8108A444C958C0DB8AE86B856433408E47ADB24AC958C0D442532B84643340,POSTAL,9,14,BENITO JUAREZ,17,14-039,4302,"4300, 4303, 4304, 4299",
0106000020E6100000010000000103000000010000001200000031D41A2328CA58C0CA40289CE15E3340D97DD84332CA58C0F8E0A6912D5E3340E45C81B332CA58C07DC7ABD0255E3340E824CFB533CA58C0B7B1D925195E33409C8D979A31CA58C0A7050EF8125E33401AEC1E0A2ECA58C0372C4F83085E3340C236300127CA58C004BD6A72F75D3340FC42B0031ACA58C0C008E601E45D33405CF9F4E709CA58C0C156DDB1D85D33404845B02CF6C958C010444ED6CA5D3340190DA36DF3C958C0B22889E8C85D3340A7A8B9BCF6C958C0122FD1EDF65D334014C6B0A2F8C958C0209C8F54115E334061BF78D6FFC958C09CD2507F755E33408D74BAAA05CA58C0CDE72AE7CC5E33406CFAF44C09CA58C0146D2CF5CE5E334061345B5C1CCA58C0EAF131BCD95E334031D41A2328CA58C0CA40289CE15E3340,RESIDENCIAL EMPERADORES,9,14,BENITO JUAREZ,26,14-040,4517,4493,
0106000020E6100000010000000103000000010000003500000000101832FCCB58C0A70DD776655F3340CDCC4D4A01CC58C031C76FF2585F334062F66EA609CC58C0EC1907D3595F33407E5AECEC0ACC58C09F0FD6A1325F334032ADEC1B0DCC58C0828B4987EF5E33405F1594B80DCC58C0399E26B9DC5E33400AB021400FCC58C0967D3FB8AD5E33406C3499A610CC58C03E3F09B0825E3340C556B19A11CC58C03304A08F5E5E33402EB1804D13CC58C0C6FE18351E5E3340497B02ED14CC58C06484BE38E15D3340C18D09F916CC58C044AAF83D9D5D334076C6610119CC58C0CB5DD5DB595D334093DEDF161CCC58C0AE3DAB9EF35C3340A5B418FF1ACC58C0FBD9A96DF35C3340538B51E719CC58C0745BA83CF35C3340EFBD163119CC58C0E07F3D15F35C33401D52C44A18CC58C07B2470E3F25C3340C023367218CC58C03B017C9FE95C33402E597A500ACC58C0F0219EB7E85C334059AB204608CC58C02177E685E45C3340F2DF5D5401CC58C08FBF0C90D15C33408062A810F6CB58C001CA7E80B35C3340EEE2CB39F3CB58C02C56092DAF5C3340155F8A82F2CB58C0BC923B6EAD5C3340781C350AEBCB58C02BB783FAA05C33400C94936AE8CB58C061E7F29A9C5C3340B4616C1CE4CB58C0DC2B0DE1975C3340FA6D45CEDFCB58C0C4CC2527935C33400124FB30D9CB58C0E353ABB3945C33407D51A3A4D6CB58C054056D4C955C33406EBC3CB4D2CB58C04FA61A4D985C334019FF468EC7CB58C0BACB6C75915C334094767EF8BFCB58C093B5AE699A5C33409B070C26B3CB58C0F55A9A8CB35C334004CE0B80B1CB58C0273CA2A7CC5C334046F770D3B0CB58C02DDE4B71D65C3340DA96343CA8CB58C0D469B238435D33408CB54177A7CB58C089A99C9B4B5D334097F12F31A5CB58C0A11F89E46A5D33405B07E208A0CB58C071AE4DCEA95D334019C4AFD198CB58C0A30D2846FF5D3340CA164A4298CB58C0E8C5F571075E3340735D568995CB58C0BE5D8AC9255E33400FBDFD4894CB58C00DE0A973305E3340692BADB8A2CB58C08A27F01D5B5E3340B337BB7DADCB58C066C58AB3825E33402F0276DFBBCB58C0A7C58496A65E3340BE3176C3C9CB58C05ACB0631C65E3340392E34B2DACB58C0F156D560F05E334040A9206CE8CB58C07571FDF5135F3340259ED4B5F3CB58C0535A40A7355F334000101832FCCB58C0A70DD776655F3340,SAN JOSE INSURGENTES,9,14,BENITO JUAREZ,17,14-041,"4469, 4470, 4473, 4478, 4481",,
0106000020E6100000010000000103000000010000001E00000058878AE3F7CB58C0539AAAE990613340984CD91FFACB58C0D1E0F7AA4C6133408405D746FBCB58C00AEEC27D29613340424FC471FCCB58C0CEDC58D805613340B033C102FDCB58C0A3FE3E8EF46033401B5E03BAFDCB58C08DD0D2B3DE6033409B5D28F801CC58C095AB162E5D60334012D7F69FF1CB58C008929CC84C6033405C7889C2DECB58C060D8B8DB396033402FDF021ECDCB58C0DDFA9B2828603340067B05CAB3CB58C05EEA76BF0E6033405A599D99B0CB58C06E160F9D456033409161BF24B0CB58C0E59DA5774D603340CBFC84C8ABCB58C0E912277B9860334053B7ED49ABCB58C093947BD2A060334028305D6BA9CB58C0798EE643BE6033407B27E567A7CB58C0123384FADD6033409C2F6EA9A5CB58C0CD6BC161E0603340FD2E6881A4CB58C0F90EDBEBF460334066352B3CA2CB58C03ED1522C2561334048DE177B9ECB58C0246EA943646133405D53750AA4CB58C0C774CCE56B613340E6E3C998A5CB58C0F444D4DE6C6133404DF91B90ABCB58C068E197E06F6133405EA4953DB7CB58C0BB9EF9B775613340F6C43A27C3CB58C04E06DED57A613340DD5CABD0D3CB58C0C11CE3FD81613340A37FDF08E0CB58C0DDF2D70B876133401B0C0B44E7CB58C0115D8A098A61334058878AE3F7CB58C0539AAAE990613340,SAN JUAN,9,14,BENITO JUAREZ,17,14-042,4453,4449,
0106000020E6100000010000000103000000010000005F00000042181F4A60CB58C085361007DD653340B7F2B37466CB58C07181135FD7653340E37DF1226CCB58C07EBB4D31D2653340F2D192B972CB58C057C86D09CC653340771F9DDD7CCB58C03652C208C2653340CD7FEFCF7ECB58C00D53D457BE65334046E8EF6C87CB58C050C4B752B66533408C96684E94CB58C0D73C3C32AB653340478E51D498CB58C09ADD4280A8653340ADAA81E29CCB58C0930DD676A5653340F25141A9A9CB58C0F064BA739C653340812AC460ABCB58C005F0B33D9B6533403A57140CADCB58C04A4C846594653340EC457CD4BDCB58C0F0BB63457C653340E247EDE2C7CB58C04FCE01B96C6533404D608074CCCB58C0F5C253B969653340BEDFBBA7D8CB58C0B70247B76165334008F98432DCCB58C0ED8FD3655D653340C3FDF210DECB58C0A6EF6382136533402444285BE0CB58C0BB2F7A7AC36433402152DCE8E2CB58C05483DD2974643340A04D0EA6F5CB58C06EC8B36072643340F499C93C07CC58C046C6DCF16F643340608A4D1A0CCC58C0C3CB8E456F643340E1C6BAFC0FCC58C0EDA34E506F64334035ECB8B211CC58C07330B2446F64334064C8202D12CC58C0506127376F64334011E370E512CC58C09091BF226F64334057DAE8E613CC58C0F6950A066F643340EDB52C4C15CC58C0EE1CF3125F643340FA65E50A19CC58C003F7B2F120643340109CB83526CC58C0DFE04E535E6333409EDEF37D29CC58C0B4D7818A2B6333408A16479229CC58C0B6AB04502A63334080AC6BE92ECC58C0AD621BAED7623340712B948C37CC58C052D58DA0886233409418C74836CC58C012972E5A89623340869C948335CC58C0C06FF7CC896233401ABE841835CC58C0912B4D0B8A62334056346F9F30CC58C0DE6522E68D623340A96AA38927CC58C0304701AA956233407C334D2320CC58C09B5768DF9C6233401231265418CC58C0587F66C3A2623340FABF0E2C14CC58C0F2A565AEA36233401CD1EC2906CC58C0BADA051CA1623340CF347D7A02CC58C0979C5925A0623340CF20933DF0CB58C0EC999B959B623340F630EB7BE7CB58C07EA6AB909B623340163E20AFE1CB58C07D14BF439D623340F9404EB0D5CB58C04A9F9BDE9F6233406EDEA9BBD0CB58C0A95FEE069F62334047768823CBCB58C079261FDF9E623340CCC91E30C8CB58C0786D1ECA9E6233405A6B033AC6CB58C038C5FFE79E6233405B01A472B7CB58C0E89DE9529E6233409FE859A2B2CB58C0EEB55714A6623340EE7C5A87AECB58C0E974B26DAF623340DB0F7571ABCB58C036B7E2EEBB6233405895FE51A9CB58C085D7F950C662334060E835B2A7CB58C0F9B6001FD0623340199D0DBBA4CB58C09DDBC0DBE6623340B92AC9C2A2CB58C0025916DAF562334076B2429DA1CB58C07C65E1F800633340CB4E7072A0CB58C0FAD127B70F6333401C90804D9FCB58C0E9F5E326236333409859426B9ACB58C0FF15017C85633340D4AF58AC99CB58C011B3651B97633340E7DC303399CB58C0482C916FA56333408DEB67F798CB58C025B358CCB76333400B1ECA0199CB58C09C335F86DC633340068FA06499CB58C0CABFDB6A3564334005C88DA399CB58C05A40E8026E6433407A82821699CB58C041920DC0836433401398C9F197CB58C02850D9659A643340B2BCA77F96CB58C0B7A083D2B564334022343D3B94CB58C0D72615CADB643340A015C20593CB58C0E3EE189EEA643340799C5B0592CB58C09A718014E9643340323846CE92CB58C07FB53957CB643340425B30398ECB58C0DDE02772FB6433409BBD67C08CCB58C0B475C63F09653340AA78768A8BCB58C0A7B4FAE80C6533405782C4248BCB58C02B5DBC4C106533402F5D1AFD8ACB58C01AAD519F1165334079153A918ACB58C093F9E9371565334012A281748ACB58C06DDDA05922653340CD8DB13384CB58C0E240C51A5B65334082DE7F1881CB58C0332B1BCA77653340C41847C57ECB58C058E6266489653340922EDBA67ACB58C022E17E579B653340F7416E6577CB58C09B473305A36533405B5E2A006CCB58C04DEF6CA3AC6533400247279C5FCB58C0A483A659B8653340CF8BA46F60CB58C0E457C208D165334042181F4A60CB58C085361007DD653340,SAN PEDRO DE LOS  PINOS,9,14,BENITO JUAREZ,17,14-043,"4412, 4414, 4419, 4420, 4421, 4422",,
0106000020E6100000010000000103000000010000002D000000D530CA125BC958C061C666C9046133403D1CECF95DC958C09140CFB9CC60334019F6740361C958C0ACA2F60095603340A363E70769C958C094404BA49A6033408C054C2B76C958C039DC94EBA46033407EA1CCF580C958C00F8F7860AD603340918640928BC958C0CFFB9912DB5F3340219C452890C958C01297001C7C5F33408BBAE45383C958C0B2CB4AFE705F334055B166107EC958C04B911A1B6C5F33400D972B3976C958C0AED24ED3645F33407BEB313D70C958C0EC9D1C945B5F33400335E2296AC958C0A34B2CB4505F3340DD96727F5DC958C0368FEC0D3F5F3340D4AF6FBE50C958C0C7A6B3742F5F3340BAFC030944C958C0F2CB51FF1D5F334087BE6EC936C958C0823B2AA70D5F3340ACF387C62AC958C07A29E53FFF5E334058C6BEA825C958C0FDEB7722F85E3340B6F90D3B1EC958C073847A35EA5E33402DCF93631BC958C0E21DB71FE25E3340C302F74912C958C0C7E1DCB8C65E334024259A2D0FC958C0FA4F9992BF5E334078EE25B30DC958C0B7E03040EB5E334009CA2D520CC958C03D79390C145F3340E4BE76B20AC958C09A94BE18445F33401DEEC8E908C958C06E8DBC33725F33406BB4A08006C958C0318C3FAEAE5F3340FA4DDEEA04C958C083FB0BDED65F3340398347F603C958C091F65582F25F3340B2D9A93B01C958C0CFE42F3A39603340B121F74000C958C0D201B19A526033409CBFE684FEC858C02BE5EF8D7F60334079ED58D300C958C0B05FF1C280603340A9FA144504C958C0E3FF76BE8C60334061DB31DC08C958C029A1C17AA460334030649F460CC958C07F384D4BB86033406C2A1B210FC958C0B65CDE28CB6033404DFA53B01EC958C0AD59E195D66033407F01246224C958C017949B18DB603340259FFA492EC958C021BDB095E2603340E9AD32FF30C958C0408C699EE4603340D089FF443AC958C024816DC5EB603340472FCD6F4AC958C080F76CE5F7603340D530CA125BC958C061C666C904613340,SAN SIMON TICUMAC,9,14,BENITO JUAREZ,26,14-044,"4381, 4382, 4400, 4401, 4402, 4406, 4407",4377,
0106000020E6100000010000000103000000010000003A0000001C1D98FF64CA58C03D6A6FD5E75F3340DC19E17371CA58C0E6D0E85B9A5F3340871D28857BCA58C0DCDD0FBB5B5F3340BDA834B88ECA58C0244E4AA7E35E334029289CBCA4CA58C09AAC2E46565E33401E7C0590B7CA58C0AE895E62DD5D33401F0739DCBACA58C03F4E4035C85D3340918A034BB8CA58C0D0160AC0C45D334040FA20039FCA58C02F3A5BB2A25D334011E6F5658ACA58C07836C3ED865D334057B16E987BCA58C0BF10FAFC725D3340F95029997ACA58C0A88F1AA5715D3340FF7A3A786DCA58C0F27B95F55F5D33400BCF989969CA58C0938116BF5A5D3340C4ECCB8A5BCA58C0C0E7740D435D33403058F8D458CA58C0278B077C3E5D3340E6A3FB5C4ECA58C02DEAF1D62C5D33401CFF2EDD42CA58C0D1C02575195D33402A5C04CF41CA58C002C2C6AD175D334004BFD9C040CA58C0E9A967E6155D3340372B5E2F3FCA58C0DF30B241135D334085526E9D32CA58C09616BE11FE5C334099DB6C6526CA58C0A55C52D7E85C33400940FE1F0BCA58C07AE39A3DB95C3340D0BD974C09CA58C040CCEE1EB85C3340558DF85002CA58C0BB8483D6B35C3340665025AEF6C958C09BF1AC58AC5C3340DA1D530BEBC958C0996FCADAA45C33405BB626D1E0C958C07C9410459E5C33407262F995DDC958C0BA6279309C5C334041348C43E5C958C0C7915122055D3340C1D37005E6C958C066C7459A0F5D3340BDD1F0D2EBC958C007ED64CE5F5D3340321FA1DDF2C958C095B11722C15D3340190DA36DF3C958C0B22889E8C85D33404845B02CF6C958C010444ED6CA5D33405CF9F4E709CA58C0C156DDB1D85D3340FC42B0031ACA58C0C008E601E45D3340C236300127CA58C004BD6A72F75D33401AEC1E0A2ECA58C0372C4F83085E33409C8D979A31CA58C0A7050EF8125E3340E824CFB533CA58C0B7B1D925195E3340E45C81B332CA58C07DC7ABD0255E3340D97DD84332CA58C0F8E0A6912D5E334031D41A2328CA58C0CA40289CE15E334061345B5C1CCA58C0EAF131BCD95E33406CFAF44C09CA58C0146D2CF5CE5E33408D74BAAA05CA58C0CDE72AE7CC5E33403BDE72C716CA58C045055CE3BA5F33409CB5FE1E1ACA58C0B34B5812BC5F3340AA0222591CCA58C06DA82BDCBC5F3340906209EA28CA58C05BE496CBC25F3340259FDBD535CA58C0B3AB531DC85F3340834C083144CA58C0A0D5FF33CD5F3340D71751064FCA58C01BC4FA6FD55F334043955B035ACA58C0414BDF90DE5F33405459E0F861CA58C048F9D747E55F33401C1D98FF64CA58C03D6A6FD5E75F3340,STA CRUZ ATOYAC,9,14,BENITO JUAREZ,17,14-045,"4494, 4495, 4496, 4522","4399, 4493",
0106000020E6100000010000000103000000010000002600000089172FAE47CB58C035E5C698596133403A49734C50CB58C0316EF868526133402E848C8A57CB58C091C09F15FC603340B17BA1F05CCB58C0E9D8FABBBB603340CDF1DEEC61CB58C0FC51BA4F806033409FA769B263CB58C0D5ADA7316B603340C0583B0769CB58C018F150A52B603340754995886BCB58C0AEFCFC1E0A6033405D6120D972CB58C0A3001B23AA5F334045B6912E68CB58C056B294CFA05F3340C463A7615ECB58C0DE08DE3D985F33407B4337B35ACB58C0D826D205955F334059D5142855CB58C06B45EE2C905F3340CA8BBAAF4ECB58C0C712A6848A5F3340A5CE305149CB58C0C8FFBFD2855F334072E885BA47CB58C08F2F286F845F334036CF38D73CCB58C0D427E5E97A5F3340100E62DB30CB58C0B7F83FA0705F33405A3C70CD24CB58C0B298FF46665F3340931C868518CB58C0C774ECBB5B5F3340468A9D3D0CCB58C0F1FECB30515F33402F875FAE04CB58C046612790D35F334098D09235FBCA58C0A3442EDE6A603340902A0AD0F8CA58C08A99D2C092603340E0E51FFAF5CA58C018200391C2603340CC5DDCECF1CA58C0188304AABF6033403CFBFDA0EFCA58C03147F90AE6603340B2F22F77EECA58C0AF2D0B7CF9603340390BAB29EFCA58C0E6828F1502613340074D304FF1CA58C06D4E150207613340919D743200CB58C0083AA32D1561334072039B230ACB58C02394DBB91E61334007621F1416CB58C00F9B52322A613340353103C81ECB58C092C008A532613340891836742BCB58C0980E2BF23E6133401526D24B32CB58C0744C7A9645613340A8BBE1763ECB58C09DAD3D665161334089172FAE47CB58C035E5C69859613340,TLACOQUEMECATL DEL VALLE,9,14,BENITO JUAREZ,17,14-046,"4392, 4393, 4395","4368, 4369, 4394, 4396",
0106000020E6100000010000000103000000010000002C0000003176CD5077C958C0C48D9C11526233408AAC60847AC958C0675A0C62F2613340A686C4AB7AC958C03F1EBEC8ED61334065CDD0037DC958C0BB32ADDFBE61334087A59F3D92C958C00CC53511D0613340E0F3AC88A7C958C01AD6CBD9DF6133402AC08B23B4C958C0AA1DE263E96133404A770E23B7C958C0B9344AB2B56133400BA8453EBAC958C0F35204D8816133409218DB68BDC958C0D3EA12FD4C6133401472EAC9C4C958C06A876A5A51613340DF632E20CCC958C0596285EC5561334064645D57CEC958C0B578C6A52161334017D5EE94D0C958C09F8C6021EB603340421CBA40D3C958C0F2280BBBEC6033402494E160DCC958C06BCD53ECF1603340F02AD53FE8C958C056785493F86033409E36747DF2C958C0185840A4FE603340A31514D1FCC958C01DB85C0D04613340031ABFC608CA58C0015F5D2A09613340634D5AA315CA58C011DE05EA10613340C73C20A71FCA58C05A528CF216613340B02B647425CA58C008EF61721A6133408E87AC3228CA58C01CCA45191C61334026FE4DF028CA58C02C2C8E8B1C6133400414A88927CA58C084DA9D3E26613340042FF82627CA58C06F09D7E928613340BB6D823624CA58C0C60F53433D6133405C54017719CA58C0643B93048861334082A4E2250ACA58C06CAF338CF2613340F40DA79DF7C958C0CB95E41372623340F9DB25D3F4C958C05BD3D64C85623340250674C7EAC958C0860C358B8162334031DA55D4DFC958C017F60AA07D62334072B9E0E8D5C958C0298BBF257A6233408C7ED37BCBC958C0DDA0905E766233402330C9FCC0C958C05256835F726233409A51EBDABEC958C0EE7197AE7162334048A0367BB5C958C0A570527A6E62334058FE3295ACC958C065D1C1AB6B6233405567D815A3C958C0B631C6DF67623340DB297E9098C958C03CD803AB63623340E6BF12968AC958C0CB295C145E6233403176CD5077C958C0C48D9C1152623340,VERTIZ NARVARTE,9,14,BENITO JUAREZ,26,14-047,"4355, 4363","4356, 4357, 4362, 4374",
0106000020E61000000100000001030000000100000022000000E50D61C3DFC858C0AAC5CBB7A5633340B86A8236E1C858C0E0054CD97D633340AB47FD06E2C858C0C51ED57367633340F8A376F3E2C858C01D40641F4F63334024431C3DE4C858C0180EBD642D633340E9D5D4E0E4C858C0A609EDAA1C633340C32B8EA3E6C858C0B14E2402EF623340057E6181DBC858C043168FE4E96233405BC5E242D2C858C02B5D6379E5623340B9554D2DC9C858C0DD537C1AE16233400608C413C0C858C0A46C1D7CDC623340D4191EAEB8C858C08941E9C8D8623340EE728AC6B2C858C026789A17D66233402EA9277FB0C858C091DAFA8FD4623340C109C7B7A7C858C0BE9B4FABCE623340DF416F0F9FC858C0BDE2E65ECA623340A7437AEB97C858C0CE9CD8EEC56233403123EB4E90C858C09B67825DC26233407494A3AC8DC858C00B4E2133F2623340253090FB8BC858C07E082EEC10633340893270728AC858C087B8A5CF2C6333406180EBA086C858C0D4EC5B28726333408A777C1B8CC858C0536BC9CD74633340D2535E8094C858C0933C804879633340D35E3C3D9DC858C0C6D38B3F7D6333408053F584A5C858C0E46141DC8263334097A6FC34ADC858C0ECCA00F5866333409E781588AFC858C0DB231F32886333403E650DAAB9C858C0695F67428D633340EC30659CC2C858C0B50611FF91633340CEAA13BDCBC858C04A28802E9663334077891708D5C858C0850379669A6333401695F258DCC858C024D163DE9D633340E50D61C3DFC858C0AAC5CBB7A5633340,VILLA DE CORTES,9,14,BENITO JUAREZ,17,14-048,"4438, 4445",4437,
0106000020E610000001000000010300000001000000270000001F0739DCBACA58C03F4E4035C85D3340714693F1D1CA58C049AC79BD3F5D3340D1F77E92DFCA58C0FD08EF75F95C3340C09A928EE6CA58C0FF1986DCD85C33405831274AEDCA58C0A37137C9A15C3340AD85837BF0CA58C0DBF93DB8845C33405281DB1BF3CA58C0289A6BCF6C5C3340E874C04BF7CA58C0AC71A6D24A5C3340CCA625BAFDCA58C03B9F599D1A5C334051428609FECA58C01840AC43175C33406529177DFECA58C0885CF962125C33407D89ACD1FECA58C08EF80AD10E5C3340CA6E3588FCCA58C0C770CFCE095C3340766C402CF2CA58C0141E57C1EF5B3340BA2484C4EACA58C0A5802AFEDF5B3340073FBDE4E8CA58C0AEF7724EDC5B334093326E20E6CA58C0BD59AB72D75B334096FE0EACE2CA58C0E59EE44AD35B3340A14A8E67DBCA58C006BABC64CE5B3340D3B4E5DFD5CA58C0C1652E20CD5B334011EABCDDCDCA58C03080C8A3CB5B3340231C7442C8CA58C08E977599CA5B33402C6BA27DB9CA58C0808843F4C65B3340AC656A98B4CA58C0FD4FECBEC55B334049E7D94976CA58C00F91082BB85B33405FEE502776CA58C078E18004C75B33405749D1F574CA58C00DF4600FEA5B334065DEE42774CA58C0E3703AAE015C33407FB0205270CA58C031DF7BB8805C33406BC9A6996ECA58C0C5477E3EB35C33409E7117FE6DCA58C04F547FCFC95C33400BCF989969CA58C0938116BF5A5D3340FF7A3A786DCA58C0F27B95F55F5D3340F95029997ACA58C0A88F1AA5715D334057B16E987BCA58C0BF10FAFC725D334011E6F5658ACA58C07836C3ED865D334040FA20039FCA58C02F3A5BB2A25D3340918A034BB8CA58C0D0160AC0C45D33401F0739DCBACA58C03F4E4035C85D3340,XOCO,9,14,BENITO JUAREZ,26,14-049,"4506, 4519",,
0106000020E61000000100000001030000000100000011000000398347F603C958C091F65582F25F3340FA4DDEEA04C958C083FB0BDED65F33406BB4A08006C958C0318C3FAEAE5F33401DEEC8E908C958C06E8DBC33725F3340A14A8E35FAC858C06A8E5BC95B5F3340940A811CEAC858C04E3BAE04445F33403873918ADBC858C0194BDC502E5F3340C2C58B6FD7C858C03284DE72295F3340C6B3C251C2C858C04589EAA6245F3340D554DCA4BDC858C0A63814CB765F3340BC37D21CBAC858C086214A66B65F33405DF54B44C0C858C0028F60BEBB5F3340B44B1372CBC858C04D225032C55F3340234D39E2D6C858C0DB1E5D4ACE5F334009EE2421E2C858C00A9C056BD75F334069460B73F2C858C08266CC06E45F3340398347F603C958C091F65582F25F3340,ZACAHUITZCO,9,14,BENITO JUAREZ,26,14-050,4403,"4380, 4404",